ཆུང་,ཆུབ་
ལྔ་འདི་,ལྔའི་དེ་
བྱང་,བྱེད་
མ,་མརྒ་
ཀྱི་,གྱི་
རབ་,རང་
ཀུ་མ་,ཀུ་མུ་
ལམ་,ལ་མ་
སོུ་,སུ་
ཐག་,ཟག་
པ་འ་,པའི་
བལྟར་,ལྟར་
སྦྱད་,སྤྱད་
བདེའི་,པ་དེའི་
ལྷུག་,ལྷག་
རྫེས་,རྗེས་
ཏ་,ཏེ།
བོཟངས་,"{བཟངས་,བཟང་}"
ཧཱུ,ཧཱུཾ
སྟན་,ལྟ་ན་
ལོན་,ལེན་
ད་ར་,དང་
གོས་,གསོ་
གོར་,ཀོར་
ལའི་,ལེའི་
གླུབ་,གྲུབ་
ཀློག་,གློག་
བརྩོམ་,བརྩོན་
གསད་པའི་,གསང་བའི་
ཉི་,ཉེ་
སཱ་,སྥ་
བང་,པར་
མངེད་,མཇེད་
ན་ག་,ནག་
ཆུང་,ཅུང་
ལྟུང་,ལྷུང་
སས་,སུས་
དོ་ན་,དོན་
ཕྲག་,ཕྱག་
ཧ་ས་,ཧས་
དོ་,དེ་
ཕྱེག་,ཕྱེད་
རྣམ་པ་,རྣམ་
ཟ་,ཐ་
ཆད་,ཆང་
སྒྱར,སྦྱར
གཞིང་,གཞིར་
ཕལ་,ཕུལ་
པ་ན་,པན་
འགྲེལ་,འགྲོལ་
རྣམསོ,རྣམས་སོ
བཀྲས་,བཀྲེས་
ནས་,ན་ས་
གཙུངས་,གཙུབས་
དེད་,དེང་
གྲོས་,གྲོལ་
དན་,དོན་
དབེ་,དཔེ་
ཅི་,མི་
བྱུང་,ཕྱུང་
ལགྱུར,འགྱུར
་ད་,དེ་
དག་པ་,དག་
རྩི་,རྩིའི་
ལ་,ལྭ་
མཁའ་བྱེད་,མ་ཁ་འབྱེད་
ཆུད་,ཆད་
ཆེའི་,ཚེའི་
དེ་བྱེན་,དབྱེན་
དན་,ངན་
དུང་,རུང་
ཁོར་,ཁོ་ར་
ཐམས་,ཐམས་ཅད་
འམ་,རམ་
སྲད་,སྲང་
བོངས་,བོང་
བདེ་ན་,བདེན་
དམུན་,དམུས་
གེའུ་,གྲེའུ་
བཅས་པ་,བཅས་
མཚམ་,མཚམས་
སྟཱཾ་,སྟྭཾ་
བྷུ་,བྷྲཱུཾ་
ཥྚྭིཿ,ཥྚྲཱྀཿ
ཆུབ་,ཆུབ་སེམས་
ལྟོ་,ལྷོ་
མ་ཆོག་,མཆོག་
ཟེན་,ཟན་
ཡེལ་,ཡོལ་
ཕུང་,ཕུད་
ཁམ་,ཁོམ་
མགོས་,མ་གོས་
བསྟེ་,བ་སྟེ་
འདེས་,འདེབས་
དེང་,དོང་
མཉས་,མཉེས་
སྟོན་,སྟོང་
གཡུད་,གཡུང་
སྦྲ་,སྤྲ་
གསང་,གསུང་
ཐབས་,ཐམས་
པོའི་དི་,པོ་འདི་
གཏོང་,གཏོད་
དཔོག་,དབོག་
དུན་,ངུན་
བཞིན་,བ་བཞིན་
ལ་,གལ་
ས་,སུ་
སྙི་,སྙིང་
བཀད་,བཀང་
འདྲོན་,འདྲེན་
རྟམ་,རྟ་
ཟང་,ཟད་
སྲ་,སྭ་
མཐོར་,མཐོང་
འདགས་,འདོགས་
ད་པེས་,དཔེས་
ཕ་,པ་
འདོ་,འོད་
ད་,ཏ་
དུས་,དུ་ས་
ཏནྟ་,ཏནྟྲ་
ཕ་མ་,ཕམ་
དད་,ངང་
གི་,ཀྱི་
ཐོང་,ཐོད་
དག་,དྲག་
སྐུལ་,སྐུ་ལ་
དུང་,ཕུང་
ཀྱིས་,གྱིས་
ལྡནའང་,ལྔ་ནའང་
བརྟེན་,བ་རྟེན་
མདུད་,མདུང་
འཁྲག་,འཁྲིག་
ལྡའོ,ལྔའོ
ལྟག་,ལྟ་ག་
ཙན་,ཅན་
ཅས་,བཅས་
སེམས་,སོམས་
བད་,པད་
བརྒྱ་,བ་རྒྱ་
དོ་,རྡོ་
སྙེམས་,སྙོམས་
གྱི་,ཀྱི་
ཕིས་,ཕྱིས་
སྟན་,སྟེན་
དེན་,དོན་
པུད་,ཕུད་
གཟུངས་,གཟུགས་
གནད་,གནས་
སྲུང་,སྲུངས་
བབས་,བ་བས་
སྣོས་,སྨོས་
སྙད་,སྙེད་
དྲག་,དྲེག་
ཚུགས་,ཚགས་
སྦྱད་,སྦྱང་
བསྐྱེད་,བསྐྱོད་
རོ,དོ
རྒྱུས་,རྒྱུ་ས་
འདེའི་,འདིའི་
བྱིས་,ཕྱིས་
རིལ་,རི་ལ་
འགྱུར་,འབྱུང་
ལྕ་,ལྕེ་
སྤྱ་,སྤུ་
རྒྱས་པའོ་,རྒྱས་
སྦྱོ་,སྤྱོ་
ཁྱར་,ཁྱེར་
སྦྲུལ་,སྤྲུལ
སླང་,སློང་
ཆས,་ཆོས་
རྔོས་,རྡོས་
དེ་ག་,དགེ་
བཤམ་,གཤམ་
བགྱུར་,འགྱུར་
པར་ཅོ་,པ་བཅོ་
བཅངས་,བཅིངས་
ཞེས་,ཞེ་
སྟི་,སྟེ་
གླང་,གླེང་
ནམ་,མམ་
དགང་,དགོད་
བརྡབ་པ་,བརྡབ་
རྗེསུ་,རྗེས་སུ་
ལཁྲུག་,འཁྲུག་
གོང་་,གོད་
འཕྲོགག་,འཕྲོག་
ཆོམ་,ཚོམ་
ལའི་,ལྷའི་
སཾ་,སི་
དང་ལ་,དཔལ་
བདྷཱུ་,བ་དྷཱུ་
བརྒྱལ་,བརྒྱ་ལ་
ཚེགས་,ཚགས་
ཀང་,གང་
འཕྱིན་,འབྱིན་
ལ,ལོ
དགས་གི་,དྭགས་ཀྱི་
བསྟེན་,བསྙེན་
ན་བ་,ནབ་
ཏོག་,རྟོག་
འགུལ་,མགུལ་
ཤེས་,ཤོས་
ཡི་ག་,ཡི་གེ་
ཀླ་གཅིང་,ཀླག་ཅིང་
རྣལ་,རྣ་ལ་
ཞང་,ཞིང་
འདྲས་,འདྲེས་
སྟོད་,སྟོང་
དཀག་,དགག་
མིགས་,མིག་
ཟླར་,ཟླ་ར་
སྦོ,སོ
དྲུག་,བཅུ་དྲུག་
མཉས་,མཉམ་
དགའི་,དགའ་
བསྐྱིད་,བསྐྱེད་
དུ་,ཏུ་
སིན་,སྲིན་
ཆན་,ཆེན་
བསྟོང་,བསྟོད་
སྲིད་,སྲེད་
གཟིགག་,གཟིགས་
དབའི་,དཔའི་
གནང་,གནད་
ཚེས་,ཚེ་ས་
ཤིས་,ཤེས་
བརྙེད་,བ་རྙེད་
ཏེ,སྟེ
ཨརྒྷ་,ཨརྒྷཾ་
ཚོགས་,ཚིགས་
འབྱུར་,འགྱུར་
གཡེའམ་,གཡོའམ་
འགྲོམ་,འགྲམ་
འདིས་,འདི་ས་
པའོ་,པ་འོ་
མ་མ་,མམ་
བརྫོད་,བརྗོད་
མིའི་,མའི་
མོད་,མེད་
འདྲ་ལ་,འདྲལ་
ཚ་,ཆ་
སད་,སྲད་
སུན་,སུམ་
གློངས་,"{ཀློངས་,ཀློང་}"
ཤྲཱུ་,ཤཱུ་
ཉས་,ཉེས་
ལ་,ཝ་
པ་རྟན་,བརྟན་
སྲེང་,སྲང་
བདེ་,བ་དེ་
ནུས་,ནུབ་
ལྷོ་,ལྷ་
སྐྱོ་བ་,སྐྱོབ་
ཚོ་ན་,ཚོན་
བརྗེས་,པ་རྗེས་
འདམ་,འདོམ་
འགག་,འགོག་
བཤས་,བཤོས་
སྦྱང་,སྦྱོང་
བསྐྱིངས་,བསྒྱིངས་
དྲི་ལ་,དྲིལ་
འང་,འདི་
སྙིད་,སྙེད་
བསྐོམས་,བསྒོམས་
གཙུགས་,གཅུགས་
པར་མི་,པར་
ད་,དོ
དྷྀཀ་,དྷྲྀཀ་
འོ་,ལོ་
ཊ་,ཌ་
སྭཧཱ,སྭཱཧཱ
གླང་,ཀླད་
ཅི་,ཅེ་
འགྲུ་,འགྲུབ་
བ་སྒྲིལ་,བསྒྲིལ་
གར་,གང་
ཙལ་,རྩལ་
འཁར་,འཁོར་
ཉེ,ཏེ
བཙུན་,བཅུ་ན་
དབུང་,དཔུང་
ཕུས་,པུས་
ཡེངས་,ཡོངས་
པྱེད་,ཕྱེད་
ཀྱེའོ,ཀྱིའོ
བརླབས་,བརླབ་པ་
འཚོམ་,འཚོ་མ་
རྟུལ་,རྡུལ་
མམ་,ལམ་
ཉད་,ཉེད་
ཀཱི་འི་,ཀཱིའི་
ཚའི་,ཚྭའི་
ལྟག་,ལྷག་
སྟེབས་,སྟོབས་
གཅོ་,གཙོ་
རོལ་,རོལ་དུ་
ཆེ་ན་,ཆེན་
རེང་,རིང་
དགད་,དགོད་
སྣོང་,སྣོད་
ཐས་,ཐོས་
ཡིད་,ཡི་
སྦོགས་,སྤོགས་
ད,་དེ་
སློད་,སྨོད་
དགད་,དགང་
ཏུ་,དུ་
ཡིད་,ཡིན་
འགྱི་,བགྱི་
ཏཱུཾ་,ཧཱུཾ་
མདའུ་,མདེའུ་
མཇོན་,མངོན་
ཕྱི་,ཕྱིན་
ག་ཞན་,གཞན་
མངར་,མདར་
སཱེའི་,སཱིའི་
སྟབས་,སྟོབས་
ལསས་,ལས་
བྲ་,བྲི་
ཅིས་,ཅེས་
ཡས་,ལས་
ཐེག་,ཐིག་
དར་,དང་
གོད་,རྒོད་
འདར་,འདིར་
གྲང་,བགྲང་
ཆེས་,ཆོས་
སེ་,སོ་
ཁོང་,ཁོངས་
ག་ཞག་,གཞག་
སྙོམ་,སྙོམས་
ཙུ་,ཅུ་
དབུང་,དབུས་
གནོང་,གནོད་
ཞེག་,ཞིག་
ཡང་བྱེར་,མ་དབྱེར་
སྔན་,སྔོན་
མད,མེད
ནི་འུ་,ནིའུ་
ཞབས་,ཞགས་
བདུངས་,བརྡུངས་
དས་,ངེས་
ནག་ས་,ནགས་
ལེ་,ལོ་
ང་དག་,བདག་
འ་,བ་
བུའི་,པུའི་
འགྲ་,འགྲེ་
པའི་,པའི་ཐ་
ཚུད་,ཚུན་
བའི་,བུའི་
སྤོ་པས་,སྤོབས་
ཞི་བ་,ཞིབ་
མོག་,མགོ་
གངྒཱིའི་,གངྒཱའི་
ང་ན་,ངན་
ངོ་,པོ་
ཀྱི་ཕ་,ཀྱི་
བྱད,བྱེད
མཚོའོ་,མཚོའི་
འདྲས་བ་,འདྲེས་པ་
ཁྲ་,ཁྭ་
ཤམ་,ཤ་མ་
ཤན་,ཤིན་
བཐོང་,མཐོང་
།,་
སྦྲས་,སྤྲས་
སྦྲོག་,སྤྲོག་
གཏད་,གཏང་
རྔས་,རྗེས་
བམ་,བུམ་
ཕྱད་,ཕྱེད་
སུ་མྦྷ་,སུམྦྷ་
སྤེད་,སྦེད་
སམས་,བསམ་
དུ་,ངུ་
ཚེར་བས་,ཚེ་རབས་
མན་,མེན་
བྱུཔར་,བྱུང་བར་
ཏཾ,ཏེ
སྤྱོང་,སྤྱོད་
དད,དང་
མ་ཆོད་,མཆོད་
སྒོ་,སྒྲོ་
རྩིབ་,རྩི་བ་
བཀུབ་,བཀུག་
རྟོགས་,རྟོག་
པ་,པར་
གཅིགས་,གཙིགས་
སྔར་,སྡེར་
བ་རྫུན་,"{བརྫུན་,རྫུན་}"
གློས་,གྲོས་
ཕེང་,ཕྲེང་
ཆེན་,ཆེར་
མའ་,མའི་
ག,གོ
ལེག་,ལོག་
བང་,བར་
བསྙེད་,བསྙད་
ཤྲཱི༔,ཤྲཱིཿ
སྦྱོན་,སྐྱོན་
དོན་,བོན་
པོད་,བོད་
མ་ཉན་,མཉན་
གཏགས་,གཏོགས་
འབྱམ་,འབྱམས་
དག་,དོག་
བསངས་,བ་སངས་
སྦྱང་,སྤྱང་
གུམ་,གུར་
སྤ་,སྥ་
སྐྲ་,སྒྲ་
བྲོས་,བློས་
རོངས་,འོབས་
བྷིས་,བྷི་ས་
གང་,གོང་
ཤིག་,ཅིག་
ཥཉྩཱི་,ཥིཉྩཱ་
ཚུས་,ཚུལ་
བོད་,བོང་
བའིད་,བའི་
སྤངས་,སྦྱངས་
པྲེཾ་,ཕྲེཾ་
ཟི་,ཟེ་
གློས,གྲོས
གོང་,གོད་
འཕོག་,འཕྲོག་
སྤྲང་,སྤྲད་
བ་ཤོས་,བཤོས་
ཡོ་,ཡོད་
སླང་,སླར་
བམ་,པ་མ་
ཆར་,ཆེར་
ཅནྡན་,ཙནྡན་
ང་ལ་,ངལ་
བ་ཙིར,བཙིར
ཌ་,ཊ་
པྱོལ་,བྱོལ་
པསྙོམ་,བསྒོམ་
ན,ནི
དྲགས་,དྲེགས་
ཤིའོ,ཤེའོ
རྫེས་,རྫས་
སྨས་,སྨྲས་
ཀྱད་,ཀྱང་
བ་ག་,བག་
སྭ་,སྔ་
བྱིད་,བྱེད་
རྗེ་ས་,རྗེས་
ན་,ནཱ་
དབང་,དཔང་
ངེན་,ངན་
མཐོབ་,མཐོང་
དག་,དོག
མཚོ་,འཚོ་
སྟེང་,སྟོང་
ད་པུབརྒྱན་,དཔུང་རྒྱན་
སྟེངས་,སྟེང་
བ་སྒྲུབས་,བསྒྲུབས་
ཅོག་,ཙོག་
དང་དང་,དང་
ལྷང་,ལྷ་ང་
བརྩགས་,བརྩེགས་
ཚེན་,ཚན
བསྒྲོང་,བསྒྲེང་
མཐོང་,མཐང་
བསྒལ་,བསྒྲལ་
གཏང་བ་,གཏད་པ་
འ,འོ
གསད་,གསང་
ནི་མ་,ནིམ་
ཆུགས་,ཚུགས་
མེད་,མོད་
རྣམ་ས་,རྣམས་
དག་,དགྲ་
ཅེན་,ཆེན་
ཅིག་ནས,ཞིག་གནས
རྫགས་,རྫོགས་
མི་,ནི་
རིས་,རིགས་
ནི་,པ་ནི་
གྟཎྚ་,གྷཎྚ་
ཀྲལ་,ཀྲོལ་
སོང་,སོད་
གང་,གར་
གྲུལ་,གྲུ་ལ་
ཀླི་རྟིས་,ཀཱིརྟིས་
བ་ནི་,ནི་
བ་གད་,བགད་
སྡ་,སྡེ་
ཤིན་,ཤིག་
བོའོ,པོའོ
མིན་,མིང་
གཉན་,གཉེན་
བརྩོམས་,བརྩམས་
ཀྱེ་,ཀྱི་
བྱཱཀ་,བྱཱ་ཀ་
བཞེས,བཞེངས
གསུངསོ,གསུངས་སོ
ལང་,ཡང་
པ་ཀྲོལ་,བཀྲོལ་
མཛོད་,མཇོད་
སོགས་,སོགས་པ་
བལ་,བ་ལ་
དེ,དོ
ཕྱུགས་,ཕྱུག་
བྱ་བ་,བ་
བདུང་,བདུད་
དབྱངས,དཔྱངས
ད་,དྲ་
སྨོས,སྨྲོས
པ་པ་,པ་
པུཥྤ་,པུཥྤེ་
བདུན་,འདུན་
ཆུང་,ཆུ་
ཡོངས་,ལོངས་
ནི་,ནཻ་
ལགས་,ལེགས་
ལྷན་,ལྡན་
གཟ,གཟོ
གད་,གང་
དཔའད་,དཔའང་
འཁའ་,མཁའ་
ཡིད་མ་,ཡི་དམ་
དུའམ་,ཏུའམ་
ཕ་བ་,ཕབ་
ཤིག་,ཅིག
བསྡོམ་,བསྒོམ་
ཕུར་,པུར་
ངོ་,དོ
རྒེད་,རྒོད་
སྡོང་,སྟོང་
སྭབྷཱ་,སྭ་བྷཱ་
གཉིག་,གཉི་ག་
དགོང་,དེ་གོང་
ཐིན་,ཟིན་
སྤྱོང་,སྦྱོང་
རེད་,མེད་
ཆནའོ,ཆ་ནའོ
བའ,པའོ
སྟེ་,དེ་
སོང་,སྲོང་
གྲོང་,གྲང་
འདུད་,བདུད་
ཅད་,ཅན་
འབྲལ་,འབྲེལ་
ཅིའང་,ཅི་འང་
བ་ལྟས་,བལྟས་
སྡང་,སྤང་
དཕྱངས་,དཔྱངས་
ཕྱི་ན་,ཕྱིན་
ཁ་,ཁོ་
ཟེད་,ཟད་
བཀད་,བཀོད་
བ་དག་,བདག་
ཆུམ་,ཆུ་མ་
ཟོས་,བྲོས་
འཐེང་,འཐད་
གུམ་,ཀུམ་
ཕྱ,ཕྱེད་
དགོང་,དགོད་
གྲུམ་,གྲུལ་
ད་,དོ་
ཞེས་,ཅེས་
གྱིར་,གྱིས་
སྐྱས་,སྐྱེས་
སྟོད་,བསྟོད་
ལགས་,ལྤགས་
ཅིངས་,ཅིང་ས་
བ་ལྟའོ,བལྟའོ
མགོན་,མགོ་
བློ་ན་,བློན་
མཐིན་,མཐིང་
བསྐྱད་,བསྐྱོད་
ལོགས་,སོགས་
ཆུར་,ཚུར་
བཤེད་,གཤེད་
ཆབས་,ཚབས་
མེའི་,མའི་
ཞིང་,ཤིང་
ད་,དུ་
སླབ་,སློབ་
ཟུག་,ཟུང་
སོ་,སེ་
གླུ་,ཀླུ་
རྣམས་,རྣམ་པ་
བྱན་,བྱ་ན་
ཙན་,ཙ་ན་
ཀྱི་#,གི་
བཙལ་,བཅོལ་
ཞིག་,ཅིག་
བཅབ་,བཅད་
གློང་,གླང་
བཅུགནས་,བཅུག་ནས་
པདྨ་མ་,པདྨ་
པི་,བི
སིས་,གིས་
དུག་,དུ་ག་
བཙོ་,གཙོ་
ཆུང་བར་,ཆུད་པར་
འདོད་པ་,འདོང་བ་
འོ་ན,་འོན་
སྐང་,རྐང་
དོ་,ངོ་
ཟན་,ཟ་ན་
དག་,ངག་
འཆེང་,འཆིང་
ནོས,ནས
གྱུར་ཅིག་,ཅིག་
པའིའ,པའིའོ
མལ་,མ་ལ་
འཕལ་,འཕེལ་
གོང་,གང་
ཚོ་,ཆོ་
དཀའ་,དགའ་
ངུང་,རུང་
ངེད་,དེད་
རྒྱ་བ་,རྒྱབ་
འོང་,འོད་
པོ་ཆེ་,པོ་
ཡུལ་,ཕུལ་
ཕས་,པས་
སྟན་,སྟོན་
ཀྱིས་བག་#ཀྱིས་,གིས་བག་གིས་
མཆོམས་,མཚམས་
ཚད་,ཚང་
པ་གོས་,བགོས་
བིང་,པིང་
རི,ཪྼི་
ལྔ་,ལྟ་
བབ་,རབ་
འཁོང་,འཁོད་
ཉེར་,གཉེར་
ཚེད་,ཚད་
སྟོང་,སློང་
ཕོའི་,བོའི་
གཡང་,གཡེང་
གྲུབ་,གྲུ་
རྣམསུ་,རྣམས་སུ་
སྣོས་,སྨྲོས་
ཡོད་,ཡོང་
ཚམས་,ཚེམས་
ཕུག་,ཕུགས་
ཅིཏྟ་,ཙིཏྟ་
པོར་,པར་
ཉིད་,ཉིད་ཡིན་
རི་,རེ་
ད་གྱིས་,དགྱེས་
བ་,བཾ
བུམ་,བུ་མ་
བསྟད་,བསྟན་
འགྱུང་,འབྱུང་
སྦ་,སྤ་
བསམ་,བས་མ་
བདེན་བྲལ་,བདེན་
གཟེ་,གཟོ་
ཧྲཱི༔,ཧྲཱིཿ
ཀྱིསར་,ཀྱི་སར་
ལ་ས་,ལས་
མེལ་,མེ་ལ་
ཐར་པ་,ཐར་
མྱང་,མྱོང་
བམ་,ཕམ་
བྱེ་,དབྱེ་
ར་བྲུ་,འབྲུ་
སུམྦྟ་,སུམྦྷ་
མཆིམ་,མཆི་མ་
བཀླབ,བཀླག
བཏན་,གཏན་
ཆོན་,ཆོམ་
བི་,ཐི་
གཞས་,གཞལ་
ཕྲང་,ཕྲེང་
གོམ་,གམ་
པ་,བ་
གཞུངས་,གཞུང་
ཉིང་ངུ་,ཉིད་དུ་
དཕྱེ་,དབྱེ་
དང་,དྲང་
རྒལ་བར་,རྒལ་
ཕུད་,ཕུན་
ཤེག་,ཤོག་
གཟུང་བའི་,གཟུད་པའི་
སྡེག་,སྒེག་
འཆོད་,འཚེད་
རིང་,རིད་
སྙམས་,སྙོམས་
རྟེག་,རྟོག་
ཀཌྜྷ,ཀཌྜྷྱ
ལྒོག,ལྐོག
ཙུམྦ་,ཙུམྤ་
མཆན་,མཚན་
ནླཾ་,ནཱཾ་
ཆེལ་,ཆེ་ལ་
བ་ས་,བས་
པན་,ཕན་
ཏི་ངེ་,ཏེ་དེ་
ལམཉེ,ལ་མཉེ་
ལུས་,ལུག་
བཀའ་,དཀའ་
བསྲེངས་,བསྲིངས་
བདན་,བ་དན་
སྦོས,སྤོས
བའི་,པའི་
བཅུད་,བཙུད་
གཉིས་སུ་,གཉིས་
མུང་,མུད་
སྣད་,སྣང་
འགྲིན་,མགྲིན་
འཆོད་,མཆོད་
པུཥྤམ་,པུཥྤ་མ་
བྱིང་,བྱེད་
བཞིན་,བཞི་ན་
འཕང་,འཕོང་
སྨྱག་,སྨྲུག་
མོང་,མྱོང་
དགོང་,དགོད
བ་,པ་
ཀྱི་,ཀྱི་ཡེ་
དོན་,ཉོན་
དེ་ར་,དེར་
བརྟན་,བསྟན་
འོས་,བོད་
བ་ལྟ་,བལྟ་
ནམ་,ནབ་
བཏོང་,བཏོད་
གསེད་,གསོད་
སྙིད་,སྙད་
འཆལ,འཚལ
སློན་,སློབ་
བད,བདེ
འཇིག་,འཇིགས་
གསལ་,བསལ་
ཡན་,ཡིན་
བསྙན་,བ་སྙན་
འཕགས་,འཕངས་
ཏི་ས་,ཏིས་
རགས,རིགས་
དགོས་,དངོས་
བརྗོད་,བ་རྗོད་
ཙཏྟི་,ཙིཏྟ་
རིག་,རིགས་
དམ་,དུམ་
དྷྲཀ་,དྷྲྀཀ་
ཏོགས་,རྟོགས་
སྒྲ་,སྨྲ་
བུར་,བུད་
བཙིགས་,བཙུགས་
པ་,ལ་
འཐུད་,འཐུང་
ཚེམས་,ཚོགས་
བཞན་,གཞན་
བཀྲད་,བསྐྲད་
མ་མ་,ལམ་
ཀི་,གི་
བགྲད་,བགྲང་
གཡངས་,གཡང་ས་
བསྐྱད་,བསྐྱང་
བློང་ན་,བློ་ངན་
བསྐྱད་,བསྐྱེད་
པོའི་,པའི་
སྒྲ་,སྐྲ་
གྱིམ་,གྱིས་
རྒྱལ་,རྒྱ་
ཐམས་ཅད་,ཐམས་
འགྲེན་,འགྲན་
སྡོང་,སྡང་
ངབ,ངག
སེམཔ་,སེམས་
འཔྲུར་,འབྲུར་
ཡ,ཡི
མ་ཉམ་,མཉམ་
ཀྱང་,ཅང་
མདུད,མདུང་
ལས་,ལམ་
ཙུད་,ཅུང་
བེམས་,བེམ་
ཞེ་ན་,ཞེན་
བྱི་,ཕྱི་
གང་,གླང་
ཁ་བ་,ཁབ་
བསྐུར་,བ་སྐུར་
སྲེད་,སྲིད་
མཚོག་,མཆོག་
ཡང་,ཡས་
དགས་,དགོས་
འཆིམ་,མཆིམས་
བྱ་,རྒྱ་
ངི་,ཇི་
ཀྲུན་,ཀུན་
ཁམ་,ཁ་མ་
ངོ་,དོ་
ཟླུབ་,ཟླུམ་
བཀོ་,བ་ཀོ་
པའི,་པོའི་
ཆེ་,ཆེར་
གྲོངས་,གྲངས་
མལི་,མའི་
ཚོས་,ཆོས་
སྲད་,སྲེད་
སྤོས,སྤྲོས
ཉིན་,ཉིང་
ཅང་,ཅིང་
སྦྲུལ,སྤྲུལ
མདག་,མངག་
བསར་,བ་སར་
རྟོག་,རྟོགས་
འཇེན་,འཛིན་
ཕའོ་,བའོ
ལ་ན་,ལན་
ཆོས་,ཚེས་
{རིངས་,"རིང་},རེངས་"
ཡེ་,ཡི་
ལྟའི་,ལྷའི་
ཤེས་,ཞེས་
ཀྱ,ཀྱེ
སྐྱུ་,སྒྱུ་
གད་ན་,གདན་
འཇུད་,འཛུད་
གགས་,གེགས་
ཚེ་,ཆེ་
བསོ་,བོས་
པ་ལྟས་,བལྟས་
དོན་,ཏོན་
བསྒྲིང་,བསྒྲེང་
གྲོ་ལ་,གྲོལ་
འདྲེལ་,འབྲེལ་
མཇད,མཛད
ཆོད་,ཚོད་
གྱིས་,གིས་
ཏེ་,སྟེ་
སྐྱོད་,སྤྱོད་
བུས་,པུས་
ཆར་,ཚོར་
གཡོན་,གཡོ་ན་
ནེ་,ན་
སྒྲེལ་,སྦྲེལ་
རྡུ་,རྔུ་
བསྒོས་,བསྐོས་
བསྐྱུར་,བསྒྱུར་
ཀྱི་#,ཅི་
འཇག་,འཛག་
ཡཾ་,ཡི་
སླུར་,གླུར་
མགུར་,མགུལ་
སགས་,སོགས་
གནས་,ག་ནས་
བདེ་ན་བྲ་ལ་,བདེན་བྲལ་
རེས་,ངེས་
ཕྱད་,བྱད་
སྤགས་,སྦགས་
ཞེན་,ཞེ་ན་
སྣམ་,རྣམ་
བྱབ་,བྱང་
དོ,ནོ
མིའི་,མེའི་
ད་,དེ
ར་,རེ་
ཆས་,ཆོས་
རབ་,ར་བ་
ཚོན་,ཆེན་
རག་,དག་
ལྟུར་,ལྟུང་
ཀོ་,གོ་
ང་,ཏ་
པོ་,པུ་
མིང་,མིག་
རྙིང་,རྙིད་
མཐོ་,མཐེ་
ཕྱེ་,ཕྱི་
་ངོ་,རོ་
ཉེ་,ཉི་
ཨཱནི་འི,ཨཱནིའི་
གྱིའོ,ཀྱིའོ
བ་ནི་,བ་
དགྲ་,སྒྲ་
ཏི,ཏེ
དུ་,རུ་
ལེ,ལ
འཆི,མཆི
སོཾ་,ཨོཾ་
རེ,རོ
བྱང་,བྱད་
ལན་,ལྡན་
ཐག་,ཐ་ག་
དཀོད,དགོད
ཚོམ་,ཚོན་
བསྐྱང་,བསྐྱུང་
ད,དོ
སྟེ་དི,སྟེ
ལགན་,ལག་ན་
མཚེ་,མཚོ་
ཐོག་,ཐོབ་
ཚར་,ཆར་
འདེས་,འདྲེས་
རྩའི་,རྩྭའི་
ཐོང་,ཐོབ་
སྦོས་,སྤོས་
ཚི་ནྡྷ,ཚིནྡྷ
བཅིང་ས་,བཅིངས་
རོའི་,པོའི་
སྨྱག་,སྨྱུག་
བལ་,པ་ལ་
བརྗད་,བརྗོད་
སྡུམ་,སྣུམ་
གཡོས་སུ་,གཡོན་དུ་
སགསོ་,སོགས་
སྤལ་,སྦལ་
ཆོག,ཆོ་ག
བསྒྲེབས་,བསྒྲིབས་
ཆལ་,ཚལ་
ཕྱ་,བྱ་
པོ་,པ་
མངོན་པར་,མངོན་
བྲག་,འབྲེག་
བད་,བདེ་
ཅིག,ཞིག
ལྗོང་,ལྗང་
ཨུརྒྱན་,ཨུ་རྒྱན་
བའོ,བྱའོ
རྔུལ་,རྡུལ་
ང་,ངེ་
བསྙན་,སྙན་
ཆང་,ཆུང་
སལ་,སེལ་
སྒྲུབས་,སྒྲུབ་
འཇོམ་,འཇམ་
སྟོངས་,སྟོབས་
བཅོམ་,བཅོམ་ལྡན་
ཐད་,ཐང་
མཆོད་,མཆེད་
བརྙར་,བརྙད་
ག་,ཀ་
འདེན་,བདེན་
ཧ་,ཧཱ་
གླིང་,གླང་
བདག་,བ་དག་
ནམཁའ་,ནམ་མཁའ་
ཞེན་,ཞེ་ན
ཀུན་,ཀུ་ན་
བཟས་,བཟླས་
རེགས,རིགས
བཙོམ་,བཙོ་མ་
དཀའ་,བཀའ་
འདྲིམ་,འབྲིམ་
མདའ་,མངའ་
སྒོས་,བསྐོས་
རང་,རབ་
རྐར་,རྐང་
ཡོངས་,ཡངས་
ཅུ་,ཏུ་
མཛེས་,བརྫེས་
རྒྱུ་ན་,རྒྱུན་
དུདབྱུང་,དུ་དབྱུང་
ཤོད་པར་,ཤོང་བར་
གཟུད་པའི་,གཟུང་བའི་
ཚག་,ཆག་
ཞིང་#,ཞིག་
ཀྱིས་,ཀྱི་ས་
རེམ་,རིམ་
འཇི་,འཛི་
བེ་མས་,བེམས་
གསུས་,གསུམ་
གསངས་,གསུངས་
བསྐུར་,བཀུར་
བུཥྤེ་,པུཥྤེ་
ལོང་,ལང་
གཡོས་,གཡོན་
འཕལ་,འཕེལ
ལྕག་,ལྕགས་
བོ་ན་,བོན་
པདྨ་ང་,པདྨར
བསྟོམ་,བསྟོན་
མྱང་ན་,མྱ་ངན་
བཙོན་,བརྩོན་
སྨྲའ་,སྨྲའོ
མཚན་,མཚོན་
ས་,དེས་
སྙོང་,སྟོང་
བཅགས་,བཙགས་
ཥཉྩི་,ཥིཉྩ་
རྒྱས་,རྒྱལ་
གཟིང་,གཟིར་
བོ་,པོ་
དྲགས་,དགས་
རྡ་,རྔ་
ཆན་,ཚན་
བྱ་བ་,བྱབ་
འདུ་,འདུན་
གྱི་,ཀྱི
གྷས་,གྷ་ས་
པས་,པོས་
ཡུང་,ལུང་
ཧོ་,ཧེ་
རྣམ་,ནམ་
པའི་,པུའི་
གཱིཏི་,གཱིརྟི་
ཀྱ་,ཀྱེ་
སྐྱུར་,སྒྱུར་
གཏང་བའི་,གཏད་པའི་
མཐོང་,མ་ཐོར་
ཕུ་,པུ་
སྟེ་,སྟི་
ལང་,ལོང་
ཐན་,ཟན་
ཞེ་,ཞེས་
འགྱད་,འགྱེད་
འཕན,འཕེན
བཟད་,བཟོད་
སྙེམ་,སྙམ་
ཚེགས་,ཚོགས་
འཇག་,འཇུག་
བོད་,ཕོད་
སྐྱོན་,སྐྱོ་ན་
ནག་ལ་ཅེ་,ན་གལ་ཏེ་
བཤད་,བཤམ་
ཚོགས་,ཚེགས་
འིདོད་,འདོད་
སྦྲལ་,སྦྲེལ་
བྱོན་,བྱིན་
ཡད་,ཡིད་
འཚལ་,འཆལ་
ཕྱག་,ཕྱུག་
ངན་,དྲན་
དེའ་,དེའི་
བཞེས་,བ་ཞེས་
བ་ལ་,བྲལ་
དཀོར་,དཀར་
ཛསརྦ་,ཛ་སརྦ་
བཛྲས་,བཛྲ་ས་
འགྱད་,འགྱོད་
ལས་,པས་
གསན་,གནས་
ཞིགནས་,ཞི་གནས་
ཕྱིན་,བྱིན་
རྙད་,རྙེད་
བསླར་,བསླང་
ནི་,ནོ་
འགྲོན་,འགྲོ་ན་
འདྲངས་,དྲངས་
ཟ་བ་,ཟབ་
ཏྲ་,ཏྲཾ་
ཧྲཱ་,ཏྲཱ་
དབྱངས་,དབྱིངས་
གརྩིགས་,གཙིགས་
མནའདོར་,མནའ་དོར་
སྔར་,སྦར་
སྤ་,སྥ
ཁི་,ཁོ་
བགྲུབ་,འགྲུབ་
སྟེན་,སྟོན་
ཕྱིན་,སྦྱིན་
དབུག་ས་,དབུགས་
མཁོ་,མ་ཁོ་
ཐོགས་པ་,ཐོགས་
གྲུ་,གྲུབ་
རྔུལ་,དངུལ་
སཏྭས་,སཏྭ་ས་
རྩ་,རྩྭ་
སོཞེས་,སོ་ཞེས་
དུ་,སུ་
སྡུག་,བསྡུས་
ཟར་,ཟེར་
གཏང་,གཏད་
ལོགས་,ལེགས་
ཞེས་,ཞེ་ས་
ན་མ་,མམ་
པ་དང་,པ་
སྤས་,སྦས་
པ་པའོ,པའོ
གི་,ག་
འགིམས་,འགུམས་
ཥྚྀཿ,ཥྚྲྀཿ
བདུན་,བདུད་
སོགས་,ཚོགས་
ཡིག་,ཡི་
ཆགས་,ཆག་
གངས་,གྲངས་
ངེས་,དེས་
ས་སུ་,སུ་
སྨང་,སྨད་
ཡོན་,ཡོད་
ཐུ་,ཐ་
ཕུས་,ཕུར་
འཕེན་,འཕན་
སྤོད་,སྤྲོད་
ཆལ་,ཆ་ལ་
དཔར་,དཔེར་
ཤཱམྦཱི་འི་,ཤཱམྦཱིའི་
མ་ཉེས་,མཉེས་
པད་,བདེ་
དྲེན་,དྲན་
རྗེ་,རྗེས་
ན་,ནོ་
བྲགས་,བྲག་
པ་,ཕ་
བཅམ་,བཅོམ་
དིའི་,དེའི་
པ་སྟེ,སྟེ
འདས་,འདིས་
པ་སྡུའོ,བསྡུའོ
འབྲུལ་,འཕྲུལ་
ཞིགས་,ཞིག་ས་
སྒོང་,སྐོར་
ལྟུ་,ལྟུང་
ཁུའམ་,བུ་འམ་
ས་,སྭ་
གཅུགས་,གཟུགས་
གསལ་,གསོལ་
སྨའོ,སྨྲའོ
གུན་,ཀུན་
དོགས་,དོག་
ཆགས་ལ་,ཆགས་
བའི་,བོའི་
ར་,རོ་
པའ་,པར་
བསྐོམ་,བསྒོམ་
སྤུལ་,སྤྲུལ་
ཞུ་ན་,ཞུན་
བལྟ་བཅིང་,བལྟབ་ཅིང་
གནིགས་,གཞིགས་
བའི་སྐོ,་པའི་སྒོ་
དད་,ངད་
དཔྲལ་,དབྲལ་
སྤྱད་,སྤྱོད་
སེས་,སྲེས་
ཆན་,མཚན་
པ་ཡང་,ཡང་
མེན་,མིན་
སྐྱེ་མཆེད་,མཆེད་
བསྐྱེད་པར་,བསྐྱེད་
ངི་,དེ་
བན་,བ་
བགྲང་,བགྲད་
པོའི་དའི་,པོ་འདིའི་
བསློང་,བསླང་
ཅས་,ཅེས་
དབྱིགས་,དབྱིག་
བནི་,བ་ནི་
འཆིད་,འཆིང་
མུས་,ནུས་
གཟུགས་ལ་སོགས་,གཟུགས་
དབན་,དབེན་
པ་པ་,པས་
རེ་,རོ་
པ་སྙེམས་,བསྙེམས་
ཉལ་,ཉ་ལ་
ཙལ་,ཙམ་
ངུལ་,རུལ་
ཕྲི་,པྲི་
དྷ་,བྷ་
གོ་སེལ་,སེལ་
པའིདི་,པ་འདི་
ཤུདྡྷོ྅ཧཾཞེས་,ཤུདྡྷོ྅ཧཾ་ཞེས་
བསྐུབས་,བསྐུ་བས་
རབས་,རབ་ས་
བྱའ,བྱའོ
ཏན་ཏན་,ཏན་
དེ་ཀྲི་,དཀྲི་
ཇ,ཛ
ཏྭས་,ཏྭ་ས་
ངང་,རང་
དི་,ཇི་
ལུས་,ལས་
འཛེགས,འཇོགས
སྦས,སྤྲས
སྐྱོ་ན་,སྐྱོན་
ཡིད་,ཡིག་
པོའི་,བོའི་
ལྔ་ན་,ལྡན་
འབྲང་བོ་,འབྲིང་པོ་ལྷོ་
བཅོམ་,བཙེམ་
ཞེ་,ཞི་
འབྲུལ་,འབྲུ་ལ་
ཧེ་,ཧོ་
གཤེག་,གཤེགས་
མིད་,མེད་
ལན་བར་,ལེན་པར་
འབྱིད་,འབྱེད་
ལོག་,འོག་
ཐོབ,ཐོ་བ
མཐོ་,མཐོལ་
གཙུར་,གཙུག་
རིད་,རིག་
དགལ་,དག་ལ་
བུལ་,བུ་ལ་
ནས་,ནུས་
བུག་,བུ་ག་
གཤགས་,གཤེགས་
སྐུང་,སྐུད་
དེང་,དང་
གདོན་,གདོད་
བཤེགས་,གཤེགས་
མགས་,མ་གས་
པམ་,བམ་
རནི་,ར་ནི་
བཞེས,བ་ཞེས
ཡན་,ཡོན་
འགྲེད་,འགྲེང་
སླུང་,སྲུང་
ཀྱིས,གྱིས
སྐན་,རྐན་
སྦོབས་,སྤོབས་
མདུག་,མཇུག་
དཔལ་,དཔའ་
སོང་,སྟོང་
མེད་,ཡོད་
བགག་,བཀག་
ཞིབ,ཞི་བ
ལྭ་,ཁྭ་
འཐིང་,འཐེང་
དབེན་,བདེན་
བསྟོན་,བ་སྟོན་
དཀུགས་,དཀྲུགས་
བྱུང་,བྱང་
རིགས་པ་,རིགས་
བྷ་,བྷ་ཻ
ད་,ང་
རིན་,རིམ་
ངལ་,ང་ལ་
བན་,པན་
ཚལ་,ཚ་ལ་
ཀྱ་ང་,ཀྱང་
ཡོངས་,ཡོངས་སུ་
ཅི་,ཇི་
འཆགས་,འཆག་ས་
མརྐད་,མརྒད་
ཆག་,ཆགས་
གཉེར་,གཉེན་
བྱུག་,ཕྱུག་
བ་སྟན་,བསྟན་
འཇུགས་,འཇུག་
སྤྲ་,སྦྲ
ཐོང་བར་,ཐོད་པར་
བྷྭ་,བྷཱ་
པའི་,དབྱུང་བའི་
འགྲེ་,འགྲོ་
ང་,ད་
ཆེ་ར་,ཆེར་
ཡིན་,ཡིས་
ཉོན་,ཉན་
ཀེད་,ཀེང་
བྱན,བྱ་ན
བྱ་,བ་
ལྗངས་,ལྗོངས་
སྒ་,སྒོ་
བསྟུ་,བསྡུ་
སྤོས་,སྤྱོས་
ཁོར་,ཁོང་
ཡང་,ཀྱང
བརྗོན་,བརྗོད་
སྡང་,སྡོང་
ཞིན་,ཞེན་
སྦིན་,སྦྱིན་
བརྗོད་,བརྗེད་
བུ་,པུ་
ཚབ་,ཚ་བ་
བསྒམ་,བསྒོམ་
ཆས་,ཆེས་
ཀྱུག་ཞུ་,ཀྱུ་གཞུ་
པྲཛྙ་,པྲཛྙཱ་
ཁོན་,ཁོ་ན་
བམ་,བ་མ་
གཡོངས་,གཡེངས་
གསར་,གསེར་
འགྱིལ་,འགྱེལ་
སོ,གོ
བིདྷཱ་,བིདྷྱ་
ཐོང་,ཐོངས་
དགེ་,དག་
གྱིས,གྱི་ས
གསལ,གསོལ
བཞེང་,བཞེད
བརྙེན་,བརྙན་
མེ་ཉེས་,མཉེས་
མགུན་,མགུལ་
དུ་,འདུ་
སྡན་,ལྡན་
མཆོད་,མ་ཆོད་
བན་,ནབ་
མདོན་,མངོན་
རྒྱུ་,རྒྱུད་
མ་ཐོ་,མཐོ་
ལྷོ་,ལྟོ་
ཅུད་,ཅུང་
བྲི་,དྲི་
མགོན་,མ་གོན་
ངད་,ངན་
ཕའོ,པའོ
མཆོན་,མཚོན་
སྐྱོད་,སྐྱོང་
ཏིངེ་,ཏིང་ངེ་
མངས་,མོངས་
འཆོལ་,འཚོལ་
འབྱུར་,འབྱུང་
ཕྲིལ,ཕྲི་ལ
ཀྱི་#,གྱི་
ཀོས་,ཀོ་ས་
པལ་,པ་ལ་
གྱུང་,གྱུར་
མསྶ་,མ་སྨ་
ལའོང་,ལའང་
མ་ཚོར་,མཚོར་
བར་,བུར་
བཏང་,བཏབ་
ལྷག་,ལྟག་
བཞུགསུ་,བཞུགས་
ལེག་,ལེགས་
གཞི་,བཞི་
ངོར་,དོར་
ནག་,ནགས་
ཐོག་,ཐག་
མང་,མེད་
སྡུབས་,སྦུབས་
གཤིག་,ཞིག་
ལྟོག་,ལྟོས་
དྟཾ་,དྷཾ་
གན་,གོན་
ཕུན་,ཕན་
འཕྲེང་,འཕྲེད་
མ་ལ་,མལ་
ཤཱརིའི་,ཤཱ་རིའི་
པང་,བང་
ནམཁའི་,ནམ་མཁའི་
གསགས་,བསགས་
ཐོང་,མཐོང་
ལྷ་,ལྟ་
ཀྱེན་,རྐྱེན་
གོ་,ཀོ་
ཚུང་,ཆུང་
མའི་,མོའི་
ང་,དུ་
དེམ་,དོམ་
ཁྱད་,ཁྱབ་
སྒྱུགས་,སྐྱུགས་
སྟ་,ལྟ་
བཅུན་,བཙུན་
སྔལ་,སྤེལ་
མཚངས་,མཚམས་
གྱིལ་,གྱིས་
ཏཐཱ་,ཏ་ཐཱ་
རིལ་,རིམ་
སྔག་,སྡུག་
འོ,་གོ།
རྐད་,རྐེད་
ག,་གི་
བ་ཞེས་,བཞེས་
བསོ་ག་,བས་གོ་
ཞིབ་,ཞི་བ་
པའིང་,པའང་
དཱུ་,རཱུ་
ཕྱུང་,བྱུང་
ལེ་ན་,ལེན་
སྤུབ་,སྦུབ་
ལྩེ་,ལྕེ་
མཛུམ་,འཛུམ་
སར་,སེར་
སྐུང་,སྐུར་
སྒ་,སྒྲ་
དབྱིས་,དཔྱིས་
ཅིག་,ཞིག་
སྤོས་,སྤྲོས་
རྔོ་བ་,རྡོབ་
སྦྱོང་བའི་,སྤྱོད་པའི་
ལས་,ལུས་
པེ་,པ་
བྲོལ,གྲོལ
བསྒྲུབ་,བ་སྒྲུབ་
ལ་ཁུམས་,འཁུམས་
ཁྱུང་,ཁྱུད་
སྦང་,སྦྲང་
ཐང་,ཐད་
ངོས་,ངེས་
ཡ་,ཡེ
འདྲ་,འདྲེ་
པའདིའི་,པ་འདིའི་
བྱའི་,བྱ་བའི་
འདིས་,འདྲིས་
པདུག་,བདུག་
ཏོགས་,ཏོག་
སྡོག་,ལྡོག་
བསྲོལ་,བསྲོ་ལ་
ཚུངས་,མཚུངས་
མངར་,མངའ་
གི་ཉིས་,གཉིས་
ཏོ,སོ
བསྔགས་,བ་སྔགས་
བསྐྱུར་,བསྐུར་
སྐོད་པར་,སྐོང་བར་
ཡང་,ཀྱང་
ལོངས་,ཡོངས་
བསྟན་,བསྟེན་
ཕྱས་,བྱས་
བ་གེས་,བགེས་
མགོབོསར་,མགོ་བོ་སར་
ཏ་,ཏན་
སྨིག་,སྨྲིག་
ཏེས་,ཏེ་ས་
དུར་,ངུར་
བླག་,པླག་
སྙེམ་,སྙེ་མ་
ཚུལ་,ཆུ་ལ་
བྷི་,དྷི་
ལིན་,ལེན་
གཡེ་,གཡོ་
པུ་,བུ་
གདོད་,གདོན་
བ་ལ་,བལ་
མ་ཆེད་,མཆེད་
བྱ་,བྱ་
ངལ་,དལ་
བོག་ས་,བོགས་
ཚོགས་,ཆོ་གས་
ལར་,པར་
བཏང་,བ་ཏང་
འདྲི་འདི་,འདི་འདྲི་
ཆད་,ཆོད་
ལ་,པ་
བརྗེས་,བརྫེས་
དུ་ལ་,དུལ་
བྱེད་,བྱེ་
བསྔོགས་,བསྡོགས་
བྱིས་,གྱིས་
ཧེ་,ཏེ་
ཥཉྩ་,ཥིཉྩ་
རྒྱལ་ཆན་,རྒྱ་ཆེན་
འཆིངོ་,འཆིང་
ལ་,ལྟ་
བས་,བུས་
ཆོད་,མཆོད་
སྤྲང་,སྦྲང་
བལའོ,བ་ལའོ
སྐོར་,སྒོར་
བ་,བོ་
གྱེ་,གེ་
སྟོ,སོ
ལེ་,ལ་
ཇི་བ་,ཇི་
དང་ང་,དབང་
ཞིག་ནས་,ཞི་གནས་
སྤྱང་,སྦྱང་
མེད་ཕུང་,མེ་དཔུང་
འཆལ་,འཚལ་
གཅོམ་,བཅོམ་
ཚོད་,ཆོད་
གོ,སོ
བདན་,བདེན་
ད,དེ
སྒོག་,སྒྲོག་
དའང་,དེའང་
ཅེས་,ཞེས་
ཟློགས་,བཟློག་
གང་,གད་
མོད་,མདོ་
འགེད་,འགོད་
ནད་,ན་ད་
སྤྲུལ་,སྦྲུལ་
དེ་ད་,དེད་
།།,།
ལ་མ་,ལམ
སོན་,སོ་ན་
སྐྱེན་,སྐྱོན་
ཚོ་ག་,ཆོ་ག་
ཐམས་,ཐབས་
དོའི་,དེའི་
ཞེས་བྱ་,ཞེས་
འཁྲུང་,འཁྲུད་
འཐབ་,འབབ་
དྷཌཱ་,དྷ་ཌཱ་
སྤ་,སྦ་
ཚད་,ཆོད་
སྣང་,སྣ་
སངས་རྒྱས་,སངས་
གློག་,ཀློག་
ནོ,ན
དེ་,རེ་
ལྒོང་,ལྒང་
ཆད,ཚད
སྤགས,སྦགས
འདྲིའི་,འདྲའི་
མ་,མཱ་
བསྙིལ་,བསྙེལ་
སྐྱེ་,སྐྱོ་
བཀ་བ་,བཀབ་
གཞན་,གཞོན་
དཁོང་,དེ་ཁོང་
སྒྱུར་,སྐྱུར་
སོངའི་,སོང་གི་
ས,སོ
ཚལ་,ཚུལ་
སླག་,སྐྲག་
ཉུང་རུ་མ་,ཉུག་རུམ་
དབབ,འབབ་
གཟེད་,བཟེད་
ཞེང་,ཞིང་
ཞེ་ན,ཞེན
ན,ནོ
ཟིད་,ཟིན་
གཟངས་,གཟིངས་
སྨན་,སྣམ་
སྭཱ་,སྭ་
རྡོགས་,རྫོགས་
ཁྲིམ་,ཁྲིམས་
དབྱང་,དཔྱད་
རས་,རེས་
སྐོག་,ལྐོག་
རྩས་,རྩིས་
འཇུག་,མཇུག་
ལག་ནས་,ལ་གནས་
ཅིང་གར་,ཅི་དགར་
འད་,འདྲ
གཅོད་,ཅོད་
རོའི་,ངོའི་
རྩལ་,སྩལ་
གཉིར་,གཉེར་
འདྲེ་,འདྲི་
གཤེན་,གཤེད་
བརྙིལ་,བསྙིལ་
གདོང་,གདོད་
ཡ་,ཡེ་
མ,པ
ཆོ་,ཚེ་
ཌོ་མ་,ཌོམ་
ཕལ་,ཕ་ལ་
སྔན་,སྟན་
ལྡེག་,ལྡོག་
བར་,བོར་
གནོན་,གདོན་
ཕ་,བ་
མཚེ་འུ་,མཚེའུ་
སིང་,སེང་
གུང་,གུད་
མཁོར་,འཁོར་
ཨརྠསཱ་,ཨརྠ་སཱ་
ཏི་ལ་,ཏིལ་
མདོ་,མོད་
རས་,ལས་
སྐོམ་,སྐམ་
བལྷ་,བལྟ་
ཐོབ་,ཐབ་
སྨྲན་,སྨྲ་ན་
སྨའི,སྨྲའི
སྡ་བདེ་,སྡང་བ་
ག་,གེ་
ངར་,རང་
སྟི,སྟེ
དངོ་,དོང་
མངའ་,མདའ་
པཎྚི་,པཎྜི་
དུ་,བུ་
བྟི་,བྷི་
ཐོབར་,ཐོབ་པར་
ཅམ་,ཙམ་
གཟང་,གཟུང་
འཚེ་,འཆེ་
སྦྱིན་གྱི་,སྦྱོང་གི་
ཤིན་,ཤི་ན་
ཁོ་,ཁོ་ན་
བཅས་,བཙས་
འཆང་བར་,འཆད་པར་
སྤལ་,སྤེལ་
ས་མ་,སམ་
བསྒོམ་,སྒོམ་
གཤེས་,གཤེགས་
བའི་,བའི་དབང་
དམ་,དོན་
མ་,ཐ་མ་
དུམ་,དུ་མ་
རིགས་,རིག་
ང་,ཡང་
བཤེན་,བཤེས་
ཚེགས,ཚོགས
ཐོང་,བོང་
བརྩན་,བརྩོན་
ངོན་,དོན་
སྒར་,སྒྲར་
བསྟན་,བསྟུན་
ཅིར་,ཅིང་
བདུན་,མདུན་
ཡུས་,ལུས་
ཐུལ་,ཐུར་
ཤུ་བ་,ཤུབ་
ཆག་ས་,ཆགས་
ང,པ
ན་འི་,ནའི་
གྱི་,གྱ་
རགས་,རིགས་
ཆང་,ཆད་
དེ་ངོས་,དངོས་
སྐྱོ་,སྐྱེ་
གཟུག་,གཟུགས་
སྟན་,བསྟན་
རྗེས་,རྗེ་ས་
དར་,བར་
བདེ་,བདེན་
མཐུར་,མཐར་
སྤྱངས་,སྦྱངས་
གུ་,ཀུ་
ཞས,་ཞེས་
ལྡང་,ལྔ་པ་
ལ་དག་,བདག་
སྨས་,རྨས་
ས་,སྲ་
ཐབ་,ཐོབ་
ཚན་,ཚུན་
དཔོག,དབོག
པལ་,ཕལ
སྔོས་,སྤོས་
འཇུགས་,འཛུགས་
ཡིག་,ཡི་གེ་
ཀློངས་,གློངས་
དུའོ་,དུ་འོ་
དགོལ་,དགྲོལ་
མི་ཐོང་,མཐོང་
སྟོས་,ལྟོས་
པོའོ,བོའོ
དག་སླང་སྟང་,དགེ་སློང་སྟོང་
རྨངས་,རྨོངས་
བ་དེ,བདེ
པས་,ལས་
ལན་,ཡན་
པའ,པའོ
ཁོར་,འཁོར་
བསྒྲུག་,བསྒྲག་
ཆོ་,གོ་
མམ་,ནམ་
གཞིན་,གཞན་
པོ་,བོ་
ཐག་,ཐེག་
པས་ལ་,བསལ་
སྦྱོད་,སྤྱོད་
བཅུམ་,བཙུམ་
ཙང་,ཅིང་
རོལ་ཏུ་,རོལ་
གྱིས་,གྲིས་
སྐལ་,སྐལ་བ་
ཡར་,ཡང་
ཁྲུང་,ཁྱུད་
བངས་,བླངས་
བཟློག་,ཟློགས་
རྡུལ་,རྔུལ་
རྟེག་,རྟག་
ཟེད་,བཟེད་
ཚང་,ཚོང་
གསེང་,གསིང་
ངོ་བོ་,བོ་
རྭི་,རི་
གྲག་,གྲགས་
ཟུགས་,གཟུགས་
བསྐབ་,བསྐྱབ་
དེད་,ངེད་
ལྗ་,ལྗང་
སྨ་,སྨྲ་
སེ,སྟེ
བཙེགས་,བརྩེགས་
ཨར་,ཨ་ར་
འོདད་,འདོད་
པཱུཛ་,པཱུ་ཛ་
བཅོང་,བཙོང་
ཀི་,ཀཱི་
འཆང་བ་,འཆད་པ་
པསྒྲུབས་,བསྒྲུབས
སྨོས་,སྨྲོས་
ཚར་,ཚང་
མ་རྡ་,མརྡ་
ཏེ,དེ
ཤང་,ཤད་
གོང་,གྲོང་
བྱ་ནི་,ནི་
དཔང་,དབང་
སྟོ,སྟེ
ཡོད་,ཡང་
གྱེས་,གྱེན་
ཅ་,རྩ་
སྔར་,སྡར་
བརྗེད་,བརྗོད་
ཆུབ་,ཆུང་
བྲག་,ཟག་
རྟོག་པར་,རྟོག་
སྥྲེང་,སྦྲེང་
ཐོང་བའི་,ཐོད་པའི་
དབྱུགས་,དབུགས་
ཚོག་,ཆོག་
ཐོག་,ཐོགས་
བྲིང་,འབྲིང་
པ,ལྔ
བྷུཾ་,བྷཱུཾ་
རྐྱན་,རྐྱེན་
བཀང་,བཀད་
སུབ་,སུཔ་
ཚིགས་,ཚེགས་
ཀ་,ཀུ་
སངས་,སངས་རྒྱས་
ཆུལ་,ཚུལ་
གཤེད་,ག་ཤེད་
དའི་,དེའི་
ར་བ་,རབ་
ཡེན་,ཡིན་
ཏུ་,སུ་
སྦྱོང་,སྦྱང་
བཅད་,བཅང་
པ་དེ་,བདེ་
རྒྱ་,རྒྱལ་
དྲ་,དྲི་
ཀར,ཀ་ར
གཙུགཏོར་,གཙུག་ཏོར་
དང་ངས་,དངངས་
མོང་,མང་
བཟང་,བཟད་
གུལ་,གུ་ལ་
དཔེན་,དཔེར་
སཱར་,སླར་
ཉེར་,ཉེ་
སྤོམ་,སྦོམ་
འབགས་,འཕགས་
གཅོད་པའི་,གཅོད་
གྟསྨ་,གྷསྨ་
དོ,ངོ་
ཆོག་,ཚིག་
འདྲན་,འགྲན་
དགོང་,དགང་
གསུངས་,གསུང་
བསྒྲོག་,བ་སྒྲོག་
མ་ཆིས་,མཆིས་
འདུག་,འཇུག་
གྱིར་,ཕྱིར་
གུས་,གུ་ས་
ཁང་,ཁས་
བདེ་ན,བདེན
ད་འི་,དའི་
ཕྲ་,ཕྲག་
ར་ར་,རར་
དྭེཥ་,དྭེ་ཥ་
མིག་ནས་,མི་གནས་
དཔྱད་,དཔྱང་
ཞབ་,ཞབས་
ཡུབ་,ཡུ་བ་
པར་,བར་
སུམ་,སུ་མ་
གོ་,གེ་
བདུབ་,གདུབ་
སྤུས་,སྦྲུས་
བརྒྱ་,བརྒྱད་
ངས་,ཡོངས་
ཀི་,ཀྃ་
ཁངས་,ཁེངས་
སྒྱར་,སྦྱར་
རེ་,དེ་
ངད་,དང་
དགལ་,དགའ་
བུར་,བར་
འབྲ་,འདྲ་
གནོད་,གནོང་
བཏུང་,བཏུད་
ཅིད་,ཅིང་
མཚེན་,མཚན་
རླབ་,རླབས་
བསྐྱེད་,བ་སྐྱེད་
པོར་,ཕོར་
དྲུག་དྲུག་,དྲུག་
སྲད་,སྲིད་
སློས་,སློབ་
དེས་,ངེས་
སིད་,སྲིད་
སྲང་,སྲད་
དཔའ་དུས་,དང་འདུས་
གནས་,ཀ་ནས་
གཙུགས་,བཙུགས་
རྩལ་,རྩོལ་
བང་,པང་
སད་,སང་
རྟག་,རྟགས་
{ཆུངས་,ཆུང་}‚ཆུང་
ཆད་,ཆེད་
དྲ་བྲལ་,དབྲལ་
པས་,ཕས་
བྲས་,བྲེས་
འདྲིང་,འབྲིང་
གདེན་,གདན་
ཤ་,ཤེ་
ནསོ,ནས་སོ
གདོད་,གནོད་
མའི་,མིའི་
མོངས་,མོ་ངས་
སུམ་,སུམ་ཚོགས་
ཅུའི་,བཅུའི་
པེཾ་,ཕེཾ་
བྱེས་,བྱས་
བསྒྲུབ་,པ་སྒྲུབ་
ཤེན,ཤེ་ན
ཐག་,ཐོག་
ཁོ་ན་,ཁོན་
ངུ་ར་,ངུར་
བླའི་,བློའི་
བུར་,པུར་
ཀླ་ན་,ཀླན་
དད་,དང་
འཚོལ་,འཆོལ་
བགོད་,བགྲོད་
མན་,མུན་
དགོང,དགོད
མིདྲ,མིད
ཞུང་,ཁུང་
འཛུག་,འཇུག་
བསྐྱད་,བ་སྤྱད་
མིན་,མེན་
ཕྲག་,བྲག་
ཕུམ་,ཕུན་
མནོར་,མ་ནོར་
,
ནི་ང་,ནིང་
བཅོ་,བཙོ་
མཚང་,འཚང་
བཅད,བཅང་
བཏུང་,བཏུད
གཅས་,བཅས་
འཇིག་ས་,འཇིགས་
མཐང་,མཐོང་
སི་,སཾ་
འབང་,འབད་
འཁོག་,འཁོགས་
སྦཱ་,སྭཱ་
དབར་,དབང་
རྩད་,རྩེད་
ཆོག་བླན་,ཆོ་ག་བླ་ན་
རྩ་,ཙ་
བཁྲུས་,བཀྲུས་
ཅས,ཅེས་
ལག་,ལྷག་
ལངས་,ལ་ངས་
སྙེ,སྟེ
བུ་ལ་,ཕུལ་
སྭ་,སྦ་
བས་,བོས་
མིན་,ཡིན་
ཟན་,ཟིན་
ཁུངས་,ཁུང་ས་
ལ་,ལོ་
ཆ,ཆེ
གནོན་,ག་ནོན་
བཅོར་,བཅོས་
སེམ་,སེམས་
དྲལ་,དྲིལ་
ནང་,ནད་
འདི་ས་,འདིས་
དང་,དད་
བས་,པས་
སྩོད་,སྣོད་
དང་,དེང་
ཐེགས་,ཐོགས་
དོང་,དང་
ལོན་,ཡོན་
དུགཉིད་,དུག་ཉིད་
།,།།
ངའི་,དེའི་
གཧཱུཾ,ག་ཧཱུཾ
ཚུད་,ཆུང་
འཆད་,འཆང་
འཇིང་,འཛིང་
ཆོར་,ཚེར་
དགུར་,མགུར་
ལྟན་,སྟན་
མཚོ་ར་,མཚོར་
མདོན་,མ་དོན་
སྲིང་,སྲིད་
ངོ་,བོ་
པའི་,བའི་
བཞི་,གཞི་
པི་,པ་
ཇི་བ་,ཇི་ལྟ་བ་
འབྲུག་,འཇུག་
ཁངས་,ཁང་ས་
དིའི་,དྲིའི་
ཏུ,དུ
ཆེ་,ཆེན་
སྦྱོན,སྤྱོན
དུ་མཉེས་,དུ་མ་ཉེས་
ནི་,ན་
བ,བྱ
ལའོ་,ལ་འོ་
འོན་,འོ་ན་
ཆིགས་,ཚིགས་
དིར་,དེར་
ཁྱད་,ཁྱེད་
དཀར་,དགར་
བ་ཀྲུབ་,བཀྲུ་བ་
པརོ་,པར་
སརྦྦབི་,སརྦྦ་བི་
གོ་,ཡོ་
ཡིནོ་,ཡིན་ནོ
སྐུར་,སྒུར་
པོ་,ཕོ་
མན,མིན
བ་,བ་མཁའ་
ལྡན་,ལྷན་
ཡིག་,གེ་
ཡུམམཱ་,ཡུམ་མཱ་
དྟཱ་,དྷཱ་
གྲུང་,ཀྲུང་
ལྟེ་,ལྟ་
ཕྱས་,ཕྱིས་
བསམས་,བསྡམས་
བཞུ་,བ་ཞུ་
ཞ་,ཞི་
ལྡག་,ལྡོག་
མཚོན་,ཚོན་
བཞངས་,བཞེངས་
ནམོ་,ན་མོ་
ཐོང་,ཐང་
སྐོད་,སྐྲོད་
དཔལ་,དབལ་
གནོན་,གནོད་
ཆགས་,ཚོགས
ལྟན་,ལྡན་
བེ་,བཻ་
ཕྱེད་,བྱེད་
ག་མ་,གམ་
རྩེ་,རྩི་
བིཛ་,བི་ཛ་
ཕྱིན་,ཕྱིར་
བ་སྒྲུབ་,བསྒྲུབ་
ཡོངས་,མོངས་
འགོ་,འགྲོ་
བཟད་,བཟང་
བྱིམ་,ཁྱིམ་
སྣད་,སྣོད་
སྟེ་,ལྟེ་
སྡོ་,སྔོ་
བབ་,ཕབ་
ལྔ་,ལྡ་
ཆད་,ཚད་
ཉིད་,ཉིང་
སྦྲེའུ་,སྤྲེའུ་
གཅུག་,གཙུག་
ཆིན་གྱེ་,ཆེན་གྱི་
ཕྲལ་,བྲལ་
ར་,རྭ་
པོ་,ངོ་
དུག་,དྲུག་
མེའི་,མིའི་
དར་,ངར་
བའོ་,བྱའོ
བྲུག་,དྲུག་
ག་,གི་
བོའི་,པོའི་
པོའ་,པོའི་
ཧེ་ཀ་,ཧེ་རུ་ཀ་
ཤཧཱུཾ,ཤ་ཧཱུཾ
བཅོས་,བཙོས་
གཉིན་,གཉེན་
གི་ས་,གིས་
སྐྱེ་ས་,སྐྱེས་
སྟེ་,སྡེ་
མུཐུན་,མཐུན་
ནད,ནང་
ནའོ་,ན་འོ་
མིན་,མི་ན་
ཆན་,ཚོན་
ཞན་,ཞེན་
གྱིས,ཀྱིས
རིད་,རིང་
གས་,གིས་
པོར་ན་,པོ་རན་
ཕྱེས་,ཕྱིས་
དང་,ངང་
མཐེན་,མཐོན་
པོ་,མོ་
བསྡང་,བསྡད་
སྒོམ་,བསྒོམ་
མཇུ་,མཇུག་
བྱེལ་,བྱོལ་
མཚོམས་,མཚམས་
ཡིན་,ཡན་
སྟོང་,སྟོད་
རགྟ་,རཀྟ་
འདས་,ལྡན་འདས་
བ་སྲེས་,བསྲེས་
གྲང་,གྲངས་
གཅག་,གཅིག་
རྩོ་,རྩེ་
མང་,ཡང་
སྦྱུ་,སྒྱུ་
མ་ཐོང་,མཐོང་
ངས་,ངེས་
དབུལ་,དབུ་ལ་
འདེན་,འདོན་
བཀྲན་,བཀྲེན་
རྩམ་,ཙམ་
མཚན་,མཚར་
ཐོས་,ཟོས་
ཌོམྦ་,ཌོམྦི་
པར་,པོར་
ཕར་,པར་
བྲེས་,བྲིས་
པ་,པོ་
ཆོག་,ཆོ་ག
ཆེ་,ཚེ་
མ་,མེ
ཞང་,ཞེང་
བྱ་བ་,ཁྱབ་
མེ་,མི་
ཕན་,ཕུན་
བཞག་,བ་ཞག་
དྲག་,དྲུག་
ཙི་,རྩི་
བྱེད་,བྱད་
གི་,གེ་
མ་ཚངས་,མཚུངས་
བསྲབས་,བསྲུབས་
པསྨ་,པ་སྨ་
ཡང་,ཡ་ང་
སྤན་,སྤྱན་
འང་,འོང་
ཏ,ཏེ
ཕེ་,པ་
བྷཱབ་,བྷཱ་བ་
རོལ་,རོ་ལ་
ལ་,ལེ་
དོད་,འདོད་
མཐན་,མཐུན་
དོགས་,དགོངས་
བསྲིད་,བསྲིང་
མཛོད་,མཛད་
བདེ་,བྱེད་
ཙཎ་ཌ་,ཙཎྜ་
གནང་,གནད
བྱེ་,བྱེད་
པ་,མ་
གྲོད་,གྲོང་
ན,ནོ།
མཉེན་,མཉེས་
སོར,སོ
བལྟར,ལྟར
སྲིན་,སྲིང་
བ་རྩམ་,བརྩམ་
སྐོ་,སྒྲོ་
དུཀའང་ངོ་།,དུ་ཀའང་ངོ་།
ཕྱེ་,བྱེ་
བསེ་,བསྲེ་
པ་སང་,བསད་
བསྟམ་,བསྟན་
ཚོོ་ག་,ཆོ་ག་
གཞག་,གཞན་
སྐྱབས་,བསྐྱབ་
གཏར་,གཏེར་
དགྱིས་,དགྱེས་
དོད་,དོན་
ཆེར་,ཚེར་
སྡངས་,སྤངས་
ཤཱཀྱིའི་,ཤཱཀྱའི་
བྱམས་པ་,བྱམས་
སམས་,སེམས་
རྟགས་,རྟོགས་
ཁྲོ་བ་,ཁྲོད་
ཕྲལ,ཕྲ་ལ
ཁྱར་,ཁྱད་
ཉན་,ཉོན་
བཚད་,བཙལ་
མ་དངས་,མདངས་
རྣལ་,རྣམ་
ཤས,ཤིས
བགྲོང་,བགྲོད་
བའམ,པའམ
ལྟར་,ལྟ་བ་
ཆེལ་,ཆོལ་
ཤས་,ཤེས་
ཨ༔,ཨཿ
ཕུ་,ཕུག་
ཞིག་,ཤིག་
བ་རྒྱང་,བརྐྱང་
ཤ་,ཤོ་
ལྕ་ལགས་,ལ་ལྕགས་
བངས་,བདས་
སྤྲུབ་,སྒྲུབ་
འཕྱད་,འཕྱང་
ཏོ,ཧཾ
བབབ་,དབབ་
ཀོ་,ཀཽ་
འཁུག,འཁྲུག
ན་,ནི་
ལན་,ལ་ན་
ཞེ་ས་,ཞེས་
ཡོངསུ་,ཡོངས་སུ་
ལས་,ལ་ས་
བགྱི་,བགྱིའོ།
ཀལ་,ཀ་ལ་
དོག་ས་,དོགས་
སྤོ་,སྥོ་
སྐྱེ་,སྐྱ་
ཚི་,ཚེ་
གཏོད་,གཏོང་
ཉིད་,ཉི་
སྲོགས་,སྲོག་
ད་,པ་
སྲིག་,སྲེག་
དབལ་,དཔལ་
སྨིག་,སྨིན་
བྲས་,བྲིས་
སྨྲེས་,སྨྲས་
ཞས་,ཞེས་
རིགས་,རིམས་
སྤད་,སྤང་
རིང་,རིན་
པའོ,པོའོ
དེ་ས་,དེས་
ལས་,ཡས་
ཟིའི་,ཟའི་
ངེའི་,དེའི་
སྦང་,སྤང་
བཞི་,བ་ཞི་
མངན་,མངོན་
པོས་,པོ་ས་
ཨི་,ཡི་
ལད་,ལང་
འཆེད་,མཆེད་
སུང་,སུ་ང་
ཆེག་,ཚེག་
ཙེས་,ཅེས་
བཚལ་,འཚལ་
གླན་,གླེན་
ཐབ་ས་,ཐབས་
སྙེ་,སྟེ་
སྙིང་,སྟོང་
དང་,ངག
སོས་,སྤྲོས་
བརྟག་,བ་རྟག་
ཁྱད་,ཁྱོད་
ཧགས་,ཧྭགས་
འགྲོད་,བགྲོད་
ནེར་,ནེམ་
པ་སྒྲུབ་,བསྒྲུབ་
བཤང་,བཤད་
ཅ,ཅི
ཞེན་,ཞན་
ཨོ་,ཨེ་
མིཏི་ཥྛ་,མི་ཏིཥྛ་
ཥྙི་,ཥྚྲི་
ཥང་,ཥད་
ནེ་,ནི་
འཇག་,འཛག
ནད་བུས་,ན་དབུས་
ཞེས་,ཞེན་
ཞིས་,ཞེས་
བེས་,ངེས་
སྒབས་,སྐབས་
དུསྤུ,དུ་སྤུ་
དཕྲལ་,དབྲལ་
སྤག་,སྟག་
ཏསམནྟ་,ཏ་སམནྟ་
ཨུདུ་མྺཱ་,ཨུ་དུམྺཱ་
དེང་,ངེད་
ཀླག་,བཀླག་
བརྒྱས་,བ་རྒྱས་
གློང་,ཀློང་
བོར་,བར་
རྒྱུ་,སྒྱུ་
བྱས་,བྱོས་
འཆེད་,འཚེད་
སྐྱའོ་,སྐྱེའོ་
ཏེ,ཏོ
བལྟར་,པ་ལྟར་
མད་,མེད་
སླང་,#སློང་
དཀང་,དཀར་
ཅིག་,ཅིང་
ཆོལ་,ཚོལ་
དང་,རང་
སྙང་,སྙིང་
རྩེབ་,རྩིབ་
འཆམ་,འཚམ་
ད་པྱངས་,དཔྱངས་
ཀུ་,གུ་
་མེ་,མོ་
རིམས་,རིམ་
མཚེན་,མཚོན་
སེས་,བསྲེས་
བརྟེན་,བརྟན་
སལ་,ས་ལ་
གྲོག་,གྲོ་ག་
གནད་,གནོད་
ཅ་,ཙ་
གོད་,གོང་
པས་,པ་ས་
ག་དེངས་,གདེངས་
པ་སྐྱངས་,བསྐྱངས་
འདྲེ་,འདྲ་
གླད་,ཀླད་
ལོ་གས་,ལོགས་
དོག་,དགེ་
འཐན་,འཐེན་
ལྡན་,ལྡན་པ་
ནས,ནམ
སྩལ་,རྩལ་
སྤར་,སྦར་
འགའ་,འགལ་
རིག,རེག
དབ་བ་,དབབ་
པ་བས་,བབས་
འགྱོད་,འགྱེད་
དན་མོང་,ངན་སོང་
འཆིད,འཆིང
སོབས་,སྤོབས་
ཆུད་,ཚུད་
ལྟ་,ལྔ་
དགོས་,དོགས་
ཙཎྜི་,ཙཎྜེ་
སྡང་ཞེ་,ཞེ་
མཚེན,མཚན
དར་,དེར་
ཉ་,ཉེ་
མེགྷ་,མེ་གྷ་
དམ་,ངམ་
བ་ཞི་,བཞི་
བའོ,པའོ
གསབསྔགས་,གསང་སྔགས་
ཅུང་,ཆུང་
སྡོང་,སྡོད་
ཥ་,ཥཾ་
ཀྱང་,ཡང་
ལཐོན་,འཐོན་
རིན་,རིན་ཆེན་
ཤཱམྦཱིའི་,ཤཱིམྦཱའི་
མཆོག་,མཚོག་
ཉར་,ཉེར་
བ་,ལ་
ས་པ་,པ་
ཏ,ཏོ
མཇེས་,མཛེས་
བཞན་,བཞིན་
སྦྱིན་,སྐྱིན་
བགྲལ,བཀྲལ
ཉིདམ་,ཉིད་མ་
དུས་བ་,ངུས་པ་
མདུན་,བདུན་
ངའི་,པའི་
ལའི་,པའི་
བར་མི་,བར་
བ་རྗེས་,བརྗེས་
བུའམ་,འམ་
སྟེ,ཏེ
ཕཾ་,པཾ་
ལོའོ,ལའོ
ཀ་,ག་
བའི་ཕྱིར་,ཕྱིར་
རྙག་,རྙོག་
འདབས་,འདེབས་
པ,པོ་
མེ་,མ་
ལ,པ
བཀྲི་,བཀྲ་
ནེ,ནི
ཁུན་,ཀུན་
ཚིག་,ཚིགས་
བཞིག་,བ་ཞིག་
ནམས་,རྣམས་
ཉིན་,ཉིད་
སྨྲོན་,སྣྲོན་
ཀྱིས་,གིས་
ཨོ་,ཨོཾ་
བ་སྲུང་,བསྲུང་
འདྲེན་,འདྲིན་
སྐྱོ་བཅིང་,སྐྱོབ་ཅིང་
ཕྱིང་,ཕྱིར་
ངི་,བི་
བསྒུལ་,བསྐུལ་
སིདྷྷི་,སིདྡྷི་
མ་ཛད་,མཛད་
སྟ་ད་,སྟེ་དེ་
ཚོག་,ཚོགས་
གཟུང་,གཟུད་
ལྷར་,ལྟར་
ཡངས་,ཡང་ས་
གཞུག་,གཞུང་
ཕག་,ཕྲག་
བཀལ་,བཀའ་
སྦུངས་,སྤུངས་
ཚེན་,ཚེ་ན་
ཉན་,ཉེན་
གཏང་,བཏང་
ཐམ་,ཐ་མ་
བཤད་པའི་,བཤང་བའི་
བཟང་,བཟུང་
བསྐྲུར་,བསྒྲུབ་
རྗས་,རྗེས་
མོངས་,རྨོངས་
སྤྱེན་,སྤྱན་
བརྩན་,བརྩམ་
ཡོག་,ཡོ་ག་
འབྲུམ་,འབུམ་
ཚ་,ཚྭ་
བསྡོས་,བསྔོས་
བ་དབྱེད་,བར་བྱེད་
ལཱའ་,ལཱིའོ
ཆུང་,ཆུད་
ཅིང་རིད་,ཅང་རིང་
དེཀྲོལ་,དཀྲོལ་
འཕྲུམ་,འབྲུམ་
གསོང་,གསོལ
བ་,བྱ་
ཤས་,ཤིས་
བ་སྐྱེད་,བསྐྱེད་
སྔགས་ལས་,སྔགས་
བྱསོ,བྱས་སོ
ཕུར་,ཕུང་
སྒྲིན་,སྤྲིན་
བརྙས,བརྙེས
མཉེ་,མ་ཉེ་
ངལ་,བྲལ་
ཇེ་,ཇི་
ཞིན་,བཞིན་
སྟེ་,ཏེ་
སྐོམ་,སྒོམ་
ཡ་མ་,ཡམ་
ཡད་,ཡང་
ཕྱུད་,ཕྱུང་
མཇོད་,མཛོད་
ཡི་,ཡེ་
སསམས་,བསམས་
ཚོམ་,ཆོམ་
མོང་,མདོ་
དབྱིན་,དབྱེན་
པལ་,ཕལ་
གནས་གནས་,གནས་
རྒྱ་ར་,རྒྱར་
སྤེའུའི་,སྤྲེའུའི་
བརྩེབས་,བརྩེགས་
བརྟན་,བརྟ་ན་
མཐ་,མ་ཐ་
བིད་,འདི་
མཆས,མཆིས
འའགྲེལ་,འགྲེལ་
འདས་པ་,འདས་
བླད་,བླང་
བསལ་,བསྔལ་
དྡྷཱུ་,དྷཱུ་
སྙན་,སྙུན་
མཛེམ་,འཛེམ་
ཚན་,ཆེན་
འདུག་,འདུན་
ཧས་,ཧ་ས་
ལྟས་,ལྷས་
བརྗད་,བརྗེད་
འོད་,འོང་
པའ་,པའོ་
འ་ཁའ་,མཁའ་
བཙམ་,བ་ཙམ་
བག་,ཟག་
འབྲང་ས་,འབྲངས་
བརྔོད་,བརྗོད་
གཅང་,གཙང་
འཇིགས་,འཇིག་
གཡས་,གཡོས་
སྦེལ་,སྤེལ་
དཔོང་,དབང་
ཏྲས་,ཏྲ་ས་
ཉེས་,ཞེས་
གྱར་,གྱུར་
སྡོད་,སྣོད་
པ་ས་,པས་
ག་ཅན་,གཅན་
གྲང་,གྲོང་
ཏོ་,ཏེ་
ཀྱིས,་ཀྱི་ས་
བཛྲརེ་,བཛྲ་རེ་
ཇིག་,འཇིག་
འཕན་,འཕེན་
ཅུ་བཟད་,ཅུང་ཟད་
བླ་,བྱ་
རྣམ་,རྣམས་
ནི་,ན་ནི་
མཚང་,མ་ཚང་
སྦྲང་,སྤྲད་
རོ་,ལོ་
འདེ་,འདི་
ཤིད་,ཤིང་
ཐུ་བ་,ཐུབ་
དོས་,ངོས་
ཏ་,ཏེ་
ཐོང་ཞིག་,ཐོངས་ཤིག་
བཅོངས་,བཙོངས་
གཅིས་,གཅིག་
འབྱད་,འབྱེད་
ཆོ་གས་,ཚོགས་
ལྷུད་,ལྡུད་
ཐགས་,ཐོགས་
གོས་,གིས་
ཐོབ་,ཐོ་བ་
རླུ་,རླུང་
ཀོ,སོ
ཤིག,་ཅིག
འབྲེལ་,འབྲལ་
མི་,མེ་
སཱ་,སྭཱ་
ཚེར་,ཆེར་
ཟེད་,བྱེད་
ཡ་,ལ་
ཡང་,ཡིད་
པི་,པཾ་
རག་,རེག་
པ་དེར་,བདེར་
བརྟགས་,བ་རྟགས་
ནཱད་,ནཱ་ད་
གཉིས་,གཉིས་པ་
དབྱས་,དཔྱས་
རྒྱན་,རྒྱུན་
བྱེ་,ཕྱེ་
པར་ང་,པ་རང་
ཏཱུྃ་,ཧཱུྃ་
འབྱན་,འབྱིན་
སྦངས་,སྤངས་
ཀྱིས་,ས་
གར་,ཀར་
གྱི་,གི་
གྱི,་ཀྱི
དེའི་,དོའི་
འདོང་,འདོད་
པོ་,ལ་
མནྡ་,མནྡཱ་
སྐག་,སྐྲག་
ཁུད་,ཁུང་
ཕུར་,བུར་
གིས་,གི་ས་
ཀྱི་ས་,ཀྱིས་
པྲས་,བྲིས་
བླག་སུམ་,བླ་གསུམ་
དྲལ་,བྲལ་
གྱིས་,ཀྱིས་
ལྟ་,ལྷ་
འབབ་,འབའ་
མ་ཅིག་,ཅིག་མ་
བྱིན་,ཕྱིན་
དབྱི་བས་,དབྱིབས་
བོས་,པོས་
འཛེལ་,འཛེར་
ཨཿ,ཨཱཿ
བཅ་,བཅོ་
གཏིབ་,གཏིང་
བསྐབས་,སྐབས་
ངས་,ང་ས་
གདུག་,གདུབ་
དགའ་,དཀའ་
སྡུ་,སུ་
སྒོམ་,སྒོ་མ་
ཀྱིས,གྱིས་
པུ་,ཕུ་
ཤིང་,ཤིས་
འཚོ་,འཚེ་
གསོ་ག་,གསོག་
གཡན་,གཡོན་
ཐ་,ཐེ་
དངས་,དྭངས་
པའོ,ཕའོ
ཀླང་,གླང་
ལནྦྷ་,ལནྡྷ་
ཅི་,ཅིའི་
སྦྲིང་,སྤྲིང་
བཞད་,བཞེད་
ནཾ་,ནམ་
ཁྲ་,ཁྲོ་
ཡང་,མང་
གྷཏྚེ་,གྷཎྚེ་
མཆོད་,མཆོག་
སྟིང་,སྟེང་
ཐབ་,ཐབས་
དུས་,ངུས་
གིསུང་,གསུང་
གཐུགས་,གཟུགས་
དན,དོན
ལྔ་ས་,ལྔས་
བླ་,བློ་
བླའོ,སླའོ
བདུད,བདུན
མཆེད་,མཆིད་
རེག་,རིག་
དུཾག་,དུག་
དུ་ས་,དུས་
ལྟོང་ལྟ་,ལོང་ལ་
ཐང་ས་,ཐབས་
འབྲང་,འབྲིང་
སྒྲབ་,སྒྲུབ་
འཚང་,འཆང་
བཟང་ས་,"{བཟངས་,བཟང་}"
ཁྲུག་,ཁྲག་
ཁ,་ཁོ་
ངན་ཚུལ་ངང་,ངང་ཚུལ་ངན་
ཅེན་,ཅན་
ཐུག་,ཐུགས་
བཏང་,གཏང་
ཉིད,ཉིང་
སྦྱུགས་,སྤྱུགས་
སྦྱན་,སྤྱན་
འདས་,འདུས་
པོད་,ཕོད་
བ་རྐུ་,བརྐུ་
པ་སྒོམ་,བསྒོམ་
ཆེན་,ཆེད་
ཉེན་,ཉེ་ན་
གྱིས་ཎྜི་,གྱི་པཎྜི་
དཔའ་,དཔལ་
གླིང་,གླེང་
བར་,པར་
ས་,སོ་
མ་,ནམ་
ཅེས་བྱ་,ཅེས་
ཀྱི,གྱི
གཞིལ་,གཞི་ལ་
དེ,ཏེ
འཔྲལ་,འཕྲལ་
འམ་,ངམ་
སྦུག་,སྤུག་
ཅན་,པན་
སྐམ་,སྐོམ་
མི་ཚོན་,མཚོན་
ནར་,ནང་
ཡན་,ལན་
ད་རེ་,དེར་
འ་རྒྱུད་,རྒྱུད་
པུག་,ཕུག་
གཅུག་,བཅུག་
བྲར་,བར་
ཨུཏྤ་པ་,ཨུཏྤ་
ལན་,ཕུན་
འབབས་,འབེབས་
ཚེག་,ཚིག་
ཡ་,ཡི་
སྟེད་,སྟེ་ད་
གདུ་ལ་,གདུལ་
ཉེན་,ཉན་
བི་,པི་
རྡུབས་,རྔུབས་
པ་པའོ་,པའོ།
ཐུབ་,གྲུབ་
གགས་བྱད་,གེགས་བྱེད་
འབས་,འབྲས་
བདག་,པ་དག་
སྦྱིར་,སྤྱིར་
གྱང་,ཀྱང་
ག༔,གཿ
ནོས་,ནས་
པས,པོས
སེམས་,སེམས་#དཔའ་
བྱིར་,ཕྱིར་
ལུང་བའི་,ལུད་པའི་
ཀྟ་,ཀྟེ་
ཚོ་,ཚེ་
རྩངས་,རྩེངས་
པོས་,བོས་
དཕྲ,ང་ཕྲ་
ཆོགས་,ཆོ་གས་
ཚེན་,ཆེན་
དང་,དོང་
ནང་,ན་ང་
་གྱ,གྱི་
དུ,ཏུ
སྐེལ་,སྐལ་
བཞིའི་,གཞིའི་
མཆོག་,མ་ཆོག་
པྱེར་,བྱེར་
བཙུག་ས་བ་,བཙུགས་པ་
ཆ,ཚ
ཟམ་,ཟབ་
འཛིམ་,འཇིམ་
ཕྱིན་,ཕྲིན་
སྒེས་,སྒེག་
རྒྱ་གས་,རྒྱགས་
བསྒྲང་,བསྒྲེང་
སྒོགས,སྒྲོགས
པྲ་,ཕྲ་
ད་,དེ་
བ་ཟླས་,བཟླས་
ཀླུའི་,གླུའི་
བསླང་བའང་,བསླབ་པའང་
སྐད་ཅེས་,སྐད་
ཙནྡྲ་ས་,ཙནྡྲས་
ཕྱིརོ,ཕྱིར་རོ
བཅུགས་,བཙུགས་
ས་,སེ་
ཚིགསུ་,ཚིགས་སུ
བང་,བོང་
སྤར་,སྤང་
ཅིག་,གཅིག་
གཡོ་བ་,གཡོབ་
་,།
པའིཕགས་,པའི་འཕགས་
ཕ་,ཕྲ་
སྐྱེ་,སྐེ་
ཊཱཾ་,ཊྭཱཾ་
ཤཱིནྟཾ་,ཤཱནྟིཾ་
སྨད་,རྨད་
དུང་,དུད་
ཕོ་,པོ་
ལང་,ལ་ང་
ཎ༔,ཎཿ
ཕུ་,བུ་
སློ་,བློ་
གིང་,ཤིང་
རང་,རུང་
ཅི་,རྩི་
བས་,བ་ས་
དོད་,དོང་
བསགས་,འཕགས་
ལྷུང་,ལྟུང་
ཡིམ་,ཡིན་
མ་ཐུས་,མཐུས་
བསུམ་,གསུམ་
རྡའི་,རྔའི་
ཁབ་,ཁ་བ་
གྲུང་,གྲུབ་
ལྕ་,ལྕི་
སུབྷྲཱུཾ་,སུ་བྷྲཱུཾ་
སྟ,་སྟེ་
ཕྲ་,པྲ་
ལྔིན་,ལྗིན་
གྱིའོ་,གྱི་འོ་
རྩ་,རྩེ་
ཁང་,ཁོང་
སྟོད་,སྣོད་
བཞུན་,ཞུན་
རྣམས་,རྣམ་
དཔ་,དཔེ་
ས་,པ་
དགངས་,དགང་
ཀལྦན་,ཀལྤན་
སྐྱེད་,སྙེད་
གྱི,ཀྱི་
སེ་,ས་
མ་,མེ་
སྡག་,སྡིག་
བ་རྒྱད་,བརྒྱད་
ལདེ་,དེ་
བསྐོ་,བསྒོ་
ཞེད་,ཞེང་
ཏཱ,ཧཱ
སྐྲའི་,སྒྲའི་
བག་,བྲག་
འཇག་,འཇོག་
འིདི་,འདི་
ཞི་,ཞེ་
དག་,དགེ་
ངང་,དང་
བསེམས་,བསམས་
པཊ་,ཕཊ་
སར་,སོར་
བྱ་,བྱེ་
ཆོར་,ཚོར་
ཞིང་,ཞེང་
སྐབ་,སྐབས་
སྦྱོ་,སྦྱོར་
རྒྱུདམ་,རྒྱུད་མ་
ནི་,གི་
དྲན་,དྲིན་
གདག་,བདག་
ར་,རཾ་
ཕྲིང་,ཕྲེང་
ཇེ་,དེ་
གཟའ་,བཟའ་
བ་ཅས་,བཅས་
ཆུགཤིག་,ཆུག་ཤིག་
དྲག་,བྲག་
སྤོ་,སྤྲོ་
བ་ཞིའི་,བཞིའི་
དི་,དེ་
སྒྱོར་,སྦྱོར་
སྡོང་,སྤོང་
བརྗེས,བརྫེས
སར་,སྐར་
དུའང་,ངུའང་
ཐད་,ཐོད་
ལོང་,ལོངས་
བྱ་,བྱ་བ་
དག་འབྲལ་,དགའ་བྲལ་
གཤེས་,བཤེས་
བ་ལྟ,བལྟ
ཅེ་,ཅི་
བསྔོས་,བསྡོས་
ཊྭཾ་,ཊྭཱཾ་
སྐྱེད་,སྐྱེ་
གཙོད་,གཅོད་
ཡིད་བྱུག་,ཡི་དབྱུག་
ཤིང་,ཤིན་
ནམ་,ནམས་
གིས་,གྱིས་
ཀྱི་ཉིད་,ཉིད་ཀྱི་
བྱད་,ཁྱད་
ཁྲོལ་,ཁྲེལ་
མཚེའི་,མཚོའུ་
འཚམས་,མཚམས་
ཡལ་,ཡུལ་
གཟགས་,གཟུགས་
བྲེང་,ཕྲེང་
བཞི་,བཞིན་
རྟོགས་,གཏོགས་
མལ,མ་ལ
སྒིག་,སྒེག་
རྨང་,རྨད་
བརྐུམ་,བསྐུམ་
སྙེན་,སྙན་
བྱེད་,ཕྱེད་
གསུང་,གསུངས་
ཆགས་,ཚགས་
རས་,ར་ས་
གཉིད་,ག་ཉིད་
འགྱེད་,འབྱེད་
ཚུལ་,ཚུན་
རྡག་,རྡེག་
དབྱ་,དབྱེ་
དེ་,དོ་
བྲེ་,བྱེ་
འཆེ་,འཚེ་
ཡང་མ་,ཡང་
དུད་,དུང་
ན་ས་,ནས་
ཚོག་,-ཚོགས་
ཤང་,ཤིང་
མཆོང་,མཆོད
བྱ་བའི་,བའི
ཞལ་,གཞལ་
བྱིན་གྱི་,གྱི་
གྱིས་,གྱི་ས་
ལྟ་,ལྟེ་
སང་,སོང་
ཀློ་,གློ་
རྩིའོ་,རྩི་འོ་
རྒྱབ་,རྒྱས་
རོ་,རེ་
ཕས་,བས་
ཚེ་#དབབང་,ཚད་དབང་
སང་,སད་
མེས་,མེ་ས་
ཏནོ,ཏན
ཁུབ་,ཁུང་
མཆད་སྦྱིན་,མཆོད་སྦྱིན
རྟན་,རྟེན་
དྲ་,དྲྭ་
མཛེད་,མཛོད་
བྱབས་,བྱ་བས་
མེས་,མོས་
བིནྡྷ,བྷིནྡྷ
རག་,རིག་
པདྨཱ་ནྟཀྲྀཏ་,པདྨཱནྟ་ཀྲྀཏ་
ཡིད,ཡིན
བསྒྲུར་,བསྒྲུབ་
བསྒོ་,བ་སྒོ་
ཟའི་,ཟིལ་
ལག་,ལོག་
ངམ#ན,ངམ་ན
མེས་,མེད་
གང་ན་,གདན་
སྟྭ་,སྟ་
ཆོན་,ཚོན་
བྲེ་,བྲི་
ཆིག་,ཚིག་
སྒྱིན་,སྦྱིན་
ཅ་,ཅེ་
མཚེ་,མཆེ་
རྐ་,རྐང་
མཁྱེད་,མཁྱེན་
ཤེག,ཤོག
མང་,མ་ང་
དྷྲྀག་,དྷྲྀཀ་
བཙོས་,བཅོས་
དུ་,དུ་རབ་
པརབ་,པ་རབ་
གུ་,གྲུ་
ཕྱིནས་,ཕྱིན་ས་
བསབ་,བསླབ་
སྐོ་,སྒོ་
ཏམ,ཏ་མ
ལན་,ལེན་
པོ,སོ
གྱ་,གྱི་
ཅི་,གཅི་
ཛིན་,ཛི་ན་
འཛག་,འཇོག་
ལ་,ལི
མཁས་,མཁའ་
ཆགས་,ཚེགས་
ན་བསོ་,ནབ་སོ་
ཤྭང་,ཤྭད་
སྤྲེའོ་,སྤྲོའོ་
སཏྭབིཏ་,སཏྭ་བིཏ་
ནི་,རི་
ལ་,ལྔ་
བོའོ་,བའོ་
གཅུ་,བཅུ་
སླེད་,སློད་
དབྲལ་,དཔྲལ་
བྲགས་,བྲེགས་
ཏཾ་,ཏེ་
སྣང་,སྣར་
རྩུམ་,རྩུབ་
བརྩུན་,བཙུན་
ཁཊྭཱཾ་,ཁ་ཊྭཱཾ་
དཔ་བྱེད་,དཔེ་བྱད་
འདབ་མ་,འདབ་
ལྡངས་,ལྡོངས་
ཇཿ,ཛཿ
འགེལ་,འགྲེལ་
ད་མད་,དམད་
སྦབས་,སྤབས་
སླངས་,སྤངས་
ཤུག་,ཤུགས་
ཤིར་,ཤིང་
བཅོད་,གཅོད་
ཆུང་,ཆང་
ངག་,དག་
བཤེས་,བ་ཤེས་
བྱེའོ,བྱའོ
ཙུམྦི་,ཙུམྤི་
འདེབ་,འདེབས་
བསླར་,བ་སླར་
ཚལ་,ཆ་ལ་
བཅུ་,ཅུ་
ཆ་,ཆེ་
བསན,བས་ན
ལྔབ་,ལྡབ་
རུ་,དུ་
འཚོ་,མཚོ་
སྒྲུབ་པ་,སྒྲུབ་
ཀུན་གྲུབ་,ཀུན་
ཁོང་,ཁང་
བརྟན་,བརྟེན་
བླུ་ན་,བླུན་
སྔ་,སྦ་
འབྲལ་,འབྲས་
སམས,སེམས
པྷྱོ་,བྷྱོ་
མཆོ་,མ་ཆོ་
ཆོགས,ཚོགས
ང་,པ་
ཨམྲའི་,ཨ་མྲའི་
རྐྱག་,སྐྱག་
དུམྺཱར་,དུམྺཱ་ར་
ཟབ་,ཟ་བ་
དས་,དེས་
རེགས་,རིགས་
སྐུག་,སྐྲག་
གནས་,གཡས་
འཚོད་,འཚོང་
སྒྲམ་,སྒྲོམ་
ཆ་བ་,ཆབ་
བས་མ་,བསམ་
གསུད་,གསུང་
སྐྱོད་པ་,སྐྱོང་བ་
བོད་,བོར་
ལ་,བ་
ཀྱི་,གི་
ཟུང་,ཟུག་
བཅང་,བཅད་
འདུ་ལ་,འདུལ་
མལྫིན,མསྫིན་
བས་,བྱས་
མེདའུ་,མདེའུ་
བཟད་,བཟེད་
པར་,པ་ར་
ཀརྴ་,ཀཪྵ་
ལྡན་ལྡན་,ལྡན་
བླ་,ཟླ་
འཆོ་,འཚོ་
སོད་,སོང་
ལྟན་,ལྟ་ན་
སྦྲུལ་,སྤྲུལ་
མདུད་,འདུད་
པཎྜཱ་,པཎྜཱི་
མཆི་,མཆིལ་
དཏྟཀྵ་,དཏྟ་ཡཀྵ་
རླབ,བརླབས
ཁྲགས་,ཁྲག་ས་
གླུང་,ཀླུང་
འོངས་པ་,ངས་
སྤྱད་,སྦྱང་
འདའི,འདྲའི
ཁྱོར་,ཁྱེར་
ཚིངས་,ཚངས་
བ་རྒལ་,བརྒལ་
རྒྱུ་,རྒྱ་
འཁོལ་,འཁོར་
བ་ཟླ་,བཟླ་
འཛོག་,འཇོག་
ལན་,ལམ་
སོག་,སོགས་
ཚོལ་,ཚོ་ལ་
ང་བ་ལ་,དཔལ་
པིམ་,བིམ་
རྒྱ་,བརྒྱ་
སྤྲིན་,སྤྲིན་
ཕྱིད་,ཕྱེད་
ལགས་,ལོགས་
རྣས་,རྣམ་
ཆོགས་,ཚོགས་
རྫོག་,རྫོགས་
བསང་,བསད་
རྩབས་,རྩ་བས་
སྟ་,སྟེ་
སེ།,སྟེ།
དམིག་,དམིགས་
ཆེདུ་,ཆེད་དུ་
ན་མ་,ནམ་
རེབ་,རེ་བ་
གླན་,ཀླན་
བྷིཥཉྩ་,བྷི་ཥིཉྩ་
སྟོར་,སྟོན་
སྤེད,སྦེད་
ཅིན་,ཅན་
བྲ,པྲ་
དཔྱངས་,དབྱངས་
མཛེད་,མཛད་
ག་ལ་,གལ་
ཆ་,ཚ་
བཞོན་,གཞོན་
ཟུང་,ཟུངས་
མཙམས་,བཙམས་
ལོངས་,ལངས་
དྲི་,བྲི་
ཀྱ་,ཀྱི་
ཚུན་,ཆུན་
ཏཱེ་,ཏཱ་
བཅའ་,བཙའ་
ཀཱིནི་,ཀཱི་ནི་
བལྟར་,བ་ལྟར་
སྣོན་,སྣྲོན་
བརྒྱུ་,བ་རྒྱུ་
ཅད་ཀྱི,ཅད་
དོས་,དེས་
སྟོན་,སྔོན་
ཛིག་,ཛིཀ་
ཀླུ་,གླུ་
གཟུགས་,གཟུངས་
པོའི་,པོ་
ལེ,ལོ
དྲིལ་,དྲི་ལ་
ལྔ་,སྔ་
ཆང་གཟུངས་,འཆང་གཟུགས་
ཨནྡྲ་,ཨིནྡྲ་
སྤྱོདབང་,སྤྱོད་དབང་
ཁལ་,ཁ་ལ་
བའི་,པོའི་
འགྲོལ་,འགྲོ་ལ་
རྣམ་,རྣ་མ་
གཡན་,གཡེན་
དགའི་,དཀའི་
བོརྐང་,བརྐོང
གཡིང་,གཡེང་
ལུད་ནོང་,ལུང་ནོད་
ཇ་,ཛ་
རིམ་,རི་མོ་
གཟངས་,གཟེངས་
འོ་,བོ་
ལེན་,ལན་
ག་ཤོལམ་ཐོང་,གཤོང་མཐོང་
ཞུབ་,ཞུ་བ་
བརྩོ་,བརྩེ་
གཏབ་,གདབ་
སླད་,སྐད་
བསྟོང་,བ་སྟོང་
བགག་,དགག་
ཧ,ཧོ
བེད་,བྱེད་
གྱི་,གྱིས་
གིའི་,གའི་་
ལམ་,ལ་མ
བོད་,པོད་
བསྐྱོན་,བ་སྐྱོན་
སྟར་,ལྟར་
གྲགས་,གྲོགས་
མེད་,མདོ་
འགྲེལ་,འབྲེལ་
ན་མི་,ནི་མ་
སྤངས་,སྦངས་
འདེད་,འདོད་
སྦུད་,སྡུད་
བལྟན་,བསྟན་
དགེས་,དགོས་
ཆོག་,ཆོ་ག་
དེར་,དོར་
ཕུང་,ཕུན་
ལྟེ,སྟེ
ཧ་,ཧེ་
ཡང་,པ་ཡང་
པའ་,པའི་
སྡེ་,སྟེ་
འད་,འང་
གཉན་,གཉེན
མཁམ་,མཁས་
བའ་,བའོ་
མཚན་,མཆན་
དུ་མ་,དུམ་
ཕྱགས་,ཕྱོགས་
གྲུབསྒྲུབ་,གྲུབ་བསྒྲུབ་
ཁད་,ཁང་
སྨྱན་,སྨྱོན་
ཆར་,ཚར་
དེས,ངེས
ང་ལ་བད་ལ་,བལ་བདལ་
བདབ་,གདབ་
ང་གྱུར་,འགྱུར་
དེག་,དག་
སྡུག་,སྟུག་
ཤམས་,ཤ་མས་
བའ་,བའི་
གང་ས་,གངས་
བ་སམ་,བས་མ་
སྒྱེས་,སྐྱེས་
དྲགས་,དྭགས་
ཞག་,ཞིག་
དཔའོ,དཔེའོ
གསུང་,གསུད་
འདྲིར་,འདིར་
བཏོར་,གཏོར་
བསྙན་,བསྟན་
བླས་,བློས་
ཟག་,ཟབ་
འདྲུག་,འདུག
ཏེ་,ཧེ་
གསང་,གསད་
གཏེར་,གཏོར་
སྦྱང,་སྤྱང
བར་,རབ་
སྐྱ,སྐྱེ
ཁྱིབ་,ཁྱིམ་
སངས་,སོངས་
བརྟོང,བརྟོད་
རྩེལ་,རྩོལ་
ཤི་,ཤིང་
འཇོག་,འཇོ་
མོ་,མ་
ཛེ་,ཇ་
བྱུང་,བྱུང་བ་
སྟོང་,སྡོང་
སུ་ཁ་,ཁ་
བསྣམ་ས་,བསྣམས་
མ་,མོ་
སུ་གྱུར་,གྱུར་
པའི་,པོའི་
སྔོན་,སྟོན་
བ་ལ་,བ་
མཚོགས་,མ་ཚོགས་
ཐར་,ཐ་
ལ་སོགས་,སོགས་
ལྟན་,ལྷན་
དགྲ་,དྲག་
རོ,འོ
མ་དུང་,མདུང་
དང་,དང་ནི
སྤྱོར་,སྦྱོར་
མཛུམ་,མཛུབ་
མར་,མེར་
མགུས་,མ་གུས་
གཤེག་,གཤོག་
ཨཱཏྣ་,ཨཱཏྨ་
མཆེད་,མ་ཆེད་
སྟན་,སྙན་
བསད་,བས་ད་
དི་,དྲི་
མིས་,མིག་
བགགས་,བགེགས་
བཅུ་གཅེ་,བཅུག་ཅེ་
དཔས་,དཔེས་
སྤུན་,སྦུན་
ཛྙཱན་,ཛྙཱ་ན་
ལྟུང་,ལྟུང་བ་
བཟར་,གཟར་
ནད་,ནང་
ཕུ་ལུ་,ཕུལ་
བསྡན་,བསྟན་
ཀླགས་,གླགས་
གསུམ་,གསུངས་
དེས་,དེ་ས་
བརྟབ་,བརྟག་
འཕངས་,འཕོངས་
སྟར་,སྟེར་
འབྱང་,འབྱུང་
སབས་,སྐབས་
པ་ཅན་,ཅན་
གེ་,གི་
གས་,གོས་
མཚོལ་,མ་ཚོལ་
ལས་,ལ་
ཞར་,ཞོར་
སྙོམ་,སྙམ་
བསྐུར,བསྐུལ
ནར་ལ་,ན་རལ་
ཨཱ༔,ཨཱཿ
ཆད་,ཆུད་
སྤྲེལ་,སྦྲེལ་
རྟོག,ཏོག
བྱེ་,བྱི་
ཆུབ་,ཆུབ་ཐོབ་
འོ་ན་,འོན་
སྙེང་,སྙིང་
སྣན་,སྨན་
མྤྱང་,སྦྱང་
བ་རྣབ་,བརྣབ་
ང་,བ་
ལྟར་,ལྟ་
ར་,རི་
དབྱངས་,དཔྱངས་
སམ་,ས་མ་
གི་,གྱི་
ཕག་,ཕོག་
སྣ་,རྣ་
གཞིན་,བཞིན་
སྟེན་མ་,སྟེ་ནམ་
མེད་,མེ་
ཅན་,ཅད་
ཆན་,དང
རྐོག་,ལྐོག་
ཕུམ་,དུམ་
ཞེ་,ཤེ་
སྟགས་,སྟེགས་
ལ་མ་,ལམ་
སྦོ་,སྤོ་
འདད་,འདོད་
རྣམ་,རྣལ་
རྐ་ན་,རྐན་
པྱིན་,ཕྱིན་
སྟང་,སྟེང་
སྤབས་,སྤོབས་
དབའ་,དཔའ་
འབྱུང་,འགྱུར་
བུལ་,ཕུལ་
འམ་,མམ་
ཡང་,ཡབ་
ཤཱི་ནྟཾ་,ཤཱནྟིཾ་
རྒྱེན་,རྐྱེན་
བསམ་,བསམ་སྟེ
རེ་,རྀ་
རུས་,རུ་ས་
རྟག་,རྟོག་
བཅང་,བཅིང་
ཡན,ཡིན
ཇི་,ཛི་
རེ་,རི་
སྨྀ་,སྨྲྀ་
ཕྱོག་,ཕྱག་
མཉམས་,མ་ཉམས་
བྱ་བའི་,བའི་
ངུ་,དུ་
བསྲས་,བསྲེས་
གྱིའི་,གྲིའི་
པོ་ས་,པོས་
གཏོད་པ་,གཏོང་བ་
རན་,རིན་
ཕྱོ་,ཕྱེ་
རྔོད་,རྗོད་
མཉེན་,མཉན་
བྷོ་,ཌྷོ་
གཏན་,སྟན་
ཅ་,ཅི་
ངུའི་,བུའི་
བྱད་,བྱེད
ཕྲཛྙཱ་,པྲཛྙཱ་
སྔག་,སྔགས་
སྭ་,སྭཱ་
ཆའི་,ཆེའི་
སྨར་,སྨ་ར་
ཉིང་,ཉིད་
ཕྱུང་,ཕྱུངས་
ཞགས་,ཞུགས་
བརྩ་,བརྩི་
བརྐྱད་,བརྐྱང་
བས་ལ་,བསལ་
སུག་,སུ་ག་
བགའ་,བཀའ་
ཚང་,ཚད་
བསྐུལ་བའོ་,བསྐུལ་
པོ་,པོ་ཆེ་
གོ་,ག་
མ,མོ
དལ་,ངལ་
ལིིང་ག་,ལིངྒ་
བགྱིལ་,བགྱི་ལ་
བསྣན་,བརྣན་
རླབ་བས་,རླབས་
ལ་ལ་,ལ་
ད་ང་,དང་
སྒྲ་,སྦྲ་
ན་ན་,ན་
འབེལ་,འབྲེལ་
བཻཔཱུར་,བཻ་ཌཱུར་
གཙེ་,གཙོ་
རྟོན་,རྟེན་
ཞིག་ས་,ཞིག་
ལེན,་ལན་
བསྟད་,བསྟང་
འབྲིད་,འབྲིང་
གདོངས་,གདངས་
རི་མས་,རིམས་
འདབ་,འདབས་
རྒྱ་,རྒྱུ་
ཆོག་,ཆོས་
འཛགས་,འཇིགས་
གའི་,ཀའི་
དབད་,དབང་
བསླབ་པ་,བསླབ་
མཇོམས་,འཇོམས་
སོག་པ་,སོགས་
རམ་,ར་མ་
ཚེད་,ཚོད་
བསྙན་,བསྙེན་
ཡི་,ལ་
བཙོ,གཙོ་
སྣང་,སྣད་
ཡངས་,ཡོངས་
བོ་,བ་
ཁག་,ཁ་ག་
ཤེས་,ཤེས་རབ་
སང་,སེང་
ཀྱེ,ཀྱི
ཉེ་,ཉ་
ཚུ་,ཆུ་
བྱུག་ས་,བྱུགས་
མོ་འི་,མོའི་
པོར་,བོར་
པ་སྙམས་,བསྙམས་
སྟང་,སྟོང་
འདྲས་,འབྲས་
གཏར་,གཏོར་
མཆད་,མ་ཚད་
སྡུག་,སྡུད་
ཧཱིུ་,ཧཱུཾ་
འབྲེལ་,འགྲེལ་
སྤྱངས་,སྤངས་
ཚའི་,ཚེའི་
བརྡུལ་,བ་རྡུལ་
བཅལ་,བཙལ་
ཅོ་,ཙེ་
བལ་,བྲལ་
ཚོང་,ཚོད་
རབ་,རིབ་
སྟོར་,སྟོང་
སྡར་,སྔར་
བོལ་,བོ་ལ་
སན་,སེན་
པ་སྐྱེད་,བསྐྱེད་
ཞེས་ཞེས་,ཞེས་
དར་སྐྱ་,དེར་སྐྱེ་
འཕོང་,འཕང་
གསུངས་པ་,གསུངས་
སའི་,བའི་
བ,བོ
ཚན་,མཚན་
ལེས་,ལས་
ཆབ་,ཚབ་
ཐེས་,ཐོས་
ཆོད་,ཆད་
ངབ་,རབ་
རྟན་,ཏན་
སྨས་,སྨོས་
ཅམ,ཙམ
དྲིང་,དྲི་ང་
རྐུབ་,རྐུ་བ་
བགེད་,འགེབས་
བ་པ་,བྱ་བ་
མིགསུམ་,མིག་སུམ་
ལང་,འང་
ཚེས་,ཆོས་
དངས,དེངས
འགྱལ་,འགྱེལ་
ལྷོང་,ལྷོད་
པདམ་,པ་དམ་
དེ་བེན་,དབེན་
རའཱི་,རའི་
བདེར་,བ་དེར་
སྦྱར་,སྦྱོར་
སྤྲངས་,སྤངས་
འགྲོ་ན་,འགྲོན་
མད་,མོད་
རེས་,རིས་
བསྟོན་,བསྟན་
འཆི་བ་,འཆི་
ཅེའི་,ཅིའི་
གཤེན་,གཤིན་
བསྒེང་,བསྒྲེང་
མཆོད་,མཆོད་ཡོན་
ཏེ་,དེ་
རམ་,རིམ་
སྐྱ་,སྐྱེ་
ཆོལ,ཚོལ
སྡེང་,ལྡེང་
མན་,མིན་
སྤྲུལ་,སྤྲུལ་
མཛེད་,མཇེད་
གྲུབ་,སྒྲུབ་
བྲས་,ཟས་
རིངས་,རེངས་
སྡུ་,སྦུ་
སྦོང་,སྤོང་
མནོན་,གནོན་
སྤུ་,སྦུ་
གསུང་པ་,གསུངས་
མར་,ཟེར་
གཞ་,གཞི་
ལྡང་,ལྡེང་
མཛུམ,མཛུབ་
ངས་,དེས་
སྤྱོད་,སྦྱོང་
བཛྲསཏྭ་,བཛྲ་སཏྭ་
པག་,ཕག་
དམ་ལྷའི་,ལྷའི་
་རྟག་,ས་རྟགས་
བྲེད་,བྱེད་
ཕྱར་,ཕྱིར་
མཇད་,མེད་
མཁའ་,མཁའི་
རྒོང་,རྒོད་
དོར་,ངོར་
བདུང་,བ་དུང་
ཚུའི་,ཆུའི་
པོབ་,ཕོབ་
སྲབརྐྱང་,སྲ་བརྐྱང་
གཙེགས,གཙིགས
ཤོན,ཤེ་ན
གྲོད་,ཁྲོད་
ཚེན་,ཚན་
སྐྱིད་,བསྐྱེད་
ང་,དེ་
བཞི་ན་,བཞིན་
ཟན,ཟ་ན
བརྡལ་,བརྡ་ལ་
ཏཱི་ར་,ཏཱིར་
བསེལ་,བསིལ་
དིམས་,རིམས་
དངང་,དབང་
སྤངས,སྦངས
ཁྱེད་,ཁྱད་
མལ,་མ་ལ་
ཏོ,ཏེ
ཧྱ་,ཧྱེ་
བུ་,དུ་
སྨརྦ་,སྶརྦ་
མག་,མིག་
དུ་,ངུ
བསླང་,བསླད་
མོདམས་,མདོམས་
གེ,གི
ག་ཉི་,གཉི་
བསྐུ་,བ་སྐུ་
པོའི་,པུའི་
འཚང་,འཚོང་
མ་,མི་
རྒྱལ་,རྒྱ་ལ་
སྙེ་མས,སྙེམས
གཉར་,གཉེར་
ལྟས་,བལྟས་
འགྲབ་,འགྲུབ་
འཛུབ་,མཛུབ་
རྩལ་,རྩ་ལ་
སོན་,སྟོན་
བྲ་,པྲ་
གྲལ་,གྲོལ་
གཤེགས་,གཤེགས་པའི་
སྐྱེ་བ་,སྐྱ་བ་
ཨཱ་ར་,ཨཱར་
ཀྵ་,ཀྵོ་
ཆུ་,ཆུང་
བརྩུ་,བཅུ་
ཤིག་,ཞིག
རྡུན་,རྡུལ་
བཅེར་,བཙིར་
སྨྲོན,སྣྲོན
ར་,རྭ
རྫས་,རྗེས་
འབྲལ་བ་,འབྲེལ་པ་
འཛེར་,འཛིན་
སྒྲ་,དགྲ་
ཉི་མ་,ཉི་
མཆེད་,མཆོད་
གྱི་,གྲི་
དི,དེ་
སྤྱང་,སྦྱོང་
རཱ༔,རཱཿ
ནིའོ་,ནི་འོ་
སྦ་,སྥ་
ཧྲཱཾཿ,ཧྲཱིཿ
དངས་,དངངས་
འཕྱིན,འབྱིན་
ཟར,ཟེར
སོལ་,སོ་ལ་
ཡུབ་,ཡུམ་
མདང་ས་,མདངས་
ཀྱིང་,ཀྱང་
སྒྲབ་,སྒྲིབ་
དུ་,ཀུ་
ལར་,ལྟར་
མོང་,མོད་
ཞ་,ཞེ་
ཛི་,ཇི་
བཞིངས་,བཞེངས་
མི་,མ་
ཆ་,ཚེ་
ཀ་,ལ་
ཚཱའི་,ཚྭའི་
དགས་,དག་ས་
གྱི་ས་,གྱིས་
གདེང་,གདིང་
མིད་,མིང་
ཀུན་,རྐུན་
མའི་,མེའི་
འདོད་,འདོང་
བ་སྦྲུགས་,ཁ་སྦུགས་
མགྱོས་,མགྱོགས་
བ་,བྷ་
བའདི་,བ་འདི་
རྒྱུན་,རྒྱུ་
ཉེ་བསྔོགས་,ཉེར་བསྡོགས་
དགོས་,དགོད་
རྒྱ་ས་,རྒྱས་
བཞེས་,པ་ཞེས་
མཆད་,མ་ཆད་
བུལླི་,པུལླི་
བྷག་,བྷ་ག་
སྔངས་,སྤངས་
གལ་,ག་ལ་
བརྟེན་པ་,བརྟེན་
ཤག,ཤོག
བ་སྙུངས་,བསྙུངས་
སྒག་,སྒེག་
ཀྱི་,ཀྱི་ཕ་
ལྟ་,སྟ་
སྦུ་,སྤུ་
ཊཱ་,ཊཱི་
མིར་,མིག་
སྐྱ་བ་,སྐྱེ་བ་
གྱིན་,གྱེན་
རུལ་,རུ་ལ་
ཕྱི་,ཕྱེ་
པ་ལ་,ལ་
མདོའི་,མ་དོའི་
ཀྱང་,ཁྱེད་
དཔའ་,དཔའི་
ཐེབ་,ཐོབ་
དགའ་ཆད་,དག་འཆད་
བ་,བུ་
དུད་,དུར་
དམ་,ད་མ་
དྲཱ་,དྲ་
ལྟོར་,ལྷོར་
མ,མེ
མཐངས་,མཐོངས་
པོ་འི་,པོའི་
གི་སུ་,ཀྱི་སྐུ་
ཡོང་,ཡོད་
དུས་,རུས་
བྷྣི་,བྷྣཱཾ་
ཡེད་,ཡོད་
དགའ་,འགའ་
ཡོང་,ཡང་
གོས་,གྲོས་
སར་,མར་
ཚད་,ཆད་
རིག་,རེག་
སྟར་,སྔར་
རླམ་,རློམ་
རྩམ་,རྩོམ་
མཐུག་,མ་ཐུག་
བྱེ་,བྱ་
གམས་,གོམས་
གུབྟ་,གུཔྟ་
བསྟོན་,བསྙེན་
པདྨའོ་,པདྨ་འོ་
ལོ་,པོ་
གྱི,ཀྱི
བྲ་,ཕྲ་
མཐོའ་,མཐོང་
ཁ་,ཁྭ་
བེ,པེ
ཐུན་,མཐུན་
བྱེར་,ཕྱིར
བསྒོམ་,བ་སྒོམ་
མི་,མིག་
བ་,པོ་
ཁོང་,ཁོད་
ལཆགས་,ལ་ཆགས་
ཉིད་ཀྱིལ་,ཉི་དཀྱིལ་
རཱའི་,རཱིའི་
ཆང་,ཚང་
སྩ་,ས་
སྦྱོང་,སྤྱོད་
དོ,ཏོ
ཙེ་,ཚེ་
ཡད་,ཡོད་
བཞེང་,བཞེད་
བཅུ་ག་,བཅུག་
དངས་,དངོས་
བཙེ་,བརྩེ་
གེ་ར་,གེར་
སེད་,སྲེད་
འཚེའོ,འཚོའོ
ཛི་ཀ་,ཛིཀ་
བཞོམ་,གཞོམ་
རྟེན་,ཏན་
སེལ་,སིལ་
དོགས་,ངོགས་
ནམ་,ན་མ་
ཅམ,ཙམ་
ཉེས་,ཉོས་
སྟོག་,ཏོག་
དབྱིབས་,དབྱིངས་
བྲན་,ཕྲན་
འགྲལ་,འགྲེལ་
ལྷགཅིག་,ལྷག་ཅིག་
བསྐར་,བསྐོར་
སུ་,སུམ་
དིང་,དེང་
ཁྲི་,བྲི་
ཡིངས་,ཡེངས་
ཡང་,ཡ་
ཏིང་འཛིན་,ཏིང་ངེ་འཛིན་
འཛུར་,འཇུར་
་ཐུད་,བྲུད་
དབྱར་,དཔྱང་
བསྲབ་,བསླབ་
ཆགས་,ཚོགས་
བཤེད་,བཤད་
བཤད་པ་,བཤང་བ་
གཟང་,གཟར་
ཆངས་,ཚངས་
རྒྱའི་,རྒྱུའི་
ལོགས#་,ལེགས་
དུས་,དུག་
འཆང་,འཆད་
མང་,མིང་
དག་,དང་
མཚང་ས་,མཚམས་
བྱད་,བྱེད་
ནི,ནོ
ལགནམ་,ལ་གནམ་
ཁོ་,ཁྲོ་
བསླང་ས་,བསླངས་
འབྱ་,འབྱེ་
གཞག་,གཞིག་
སྐྲས་,སྒྲས་
སྒྲ་,སྒྲོ་
སྡད་,སྡང་
གཏང་ངམ,གཏད་དམ
གིའི་,གེའི་
གྲུད་,གྲུབ་
ཧྲི་ལ་,ཧྲིལ་
ཆུན་,ཚུན་
སྟ,སྟེ
གཉེན་,བསྙེན་
འཛག་#,འཇིག་
འཛེམ་,འཛོམ་
འཇག་,འཇིག་
སབས་,བབས་
བ་སྟབས་,བསྟབས་
མའང་,མོའང་
ཉི་,ཉིད་
ལྔར་,ལྟར་
ཤིང་,ཞིང་
ཤོབ,ཤོག
