ཚུར་སྤྱོན་འདོད་,ཚུར་སྤྱོན། འདོད་
ལྟར་གསོལ་པ་,ལྟར་གསོལ་བ་
༑,།
བཏང་སྟེ་འཕགས་,བཏང་སྟེ། འཕགས་
བོར་ནས་དེ་,བོར་ནས། དེ་
སྡོད་ཅིག་དེས་,སྡོད་ཅིག །དེས་
ཅི་ཡིན་དེས་,ཅི་ཡིན། དེས་
དབུལ་,འབུལ་
རྣམས་བསྐལ་བ་,རྣམས་བསྐལ་པ་
ཕ་པའམ,ཕ་བའམ
སྦྱོང་བཅོ་,སྦྱོང་བཅྭ་
བཞུགས་ཤིག་དེས་,བཞུགས་ཤིག །དེས་
པར་བྱའོ།,པར་བྱ་སྟེ།
ཞེ་ན་ལྟུང་,ཞེ་ན། ལྟུང་
འཕགས་ །,འཕགས་པ་བདག་རབ་ཏུ་འབྱུང་བར་འཚལ་ལོ། །
སྟན་དང་མདུན་,སྟན་དང་། མདུན་
འཆབ་བོ་།,འཆབ་བོ། །
པར་བྱེད་ཕྱར་,པར་བྱེད། ཕྱར་
སྦྱོང་བྱ་སྙམ་,སྦྱོང་བྱ་ཞིང་སོ་སོར་ཐར་པའི་མདོ་གདོན་པ་གདོན་དུ་མི་རུང་སྙམ་
་བཤོས་,།བཤོས་
༑དེའི་,།དེའི་
ལ་ནན་ཏུར་,ལ་ནན་ཐུར་
གནང་བ་གས,གནང་བ་ས
སམ་སེམས་བདེ་བ་ལ་རེག་,སམ་སེམས་རེག་
ཕམ་པར་འགྱུར་,ཕམ་པར་གྱུར་
དག་དུས་གཏིང་,དག་དུས་རྟིང་
བྱས་པ་ །,བྱས་པ་ཡིན་ནོ། །
ནི་སྦགས་,ནི་སྤགས་
དཔའ་བལྟམས་,དཔའ་བལྟམ་
༑དུས་,།དུས་
པའི་རྒྱུར་བཞག་,པའི་རྒྱུར་གཞག་
ཅིག་དྲིའི་ཁྱོད་,ཅིག་དྲིས། ཁྱོད་
འད,ད
བ་དང་ལག་,བ་དང་། ལག་
དག་གིས་ཀྱང་,དག་གིས་ཡང་
ུ་དེས་,ུ་དེ་
དད་པ་སངས་,དད་པ། སངས་
བསུད་,གསུད་
འཚལ་ལོ་།,འཚལ་ལོ། །
དབུལ་པོའི་,དབུལ་བོའི་
གཞུག་གོ་དེ་,གཞུག་གོ། །དེ་
པར་བགྱི་ཉེ་,པར་བགྱི། ཉེ་
བར་བྱའོ་བགྱིས་,བར་བྱའོ་ཞེས་བཙུན་པ་བདག་ཅག་གིས་ཁྲིམས་སུ་བཅའ་བ་དེ་ལྟ་བུ་དག་བགྱིས་
་བྲམ་,། བྲམ་
པ་ནི་དགག་དབྱེ་འཇོག་པ་ཆོས་,པ་ནི་ཆོས་
བར་འགྱུར་པའི་,བར་འགྱུར་བའི་
འདྲེས་པ་ཕེབས་,འདྲེས་པ། ཕེབས་
༑ །,། །
གང་དུ་ཆེ་,གང་དུ། ག་
ཕྱིར་འགྱེད་,ཕྱིར་དགྱེད་
ལོག་གམ་སྙོམས་,ལོག་གམ། སྙོམས་
ཡིན་ལ་ཁྱིམ་,ཡིན་ལ། ཁྱིམ་
བླངས་ཏེ་མ་,བླངས་ཏེ། མ་
བང་རིམ་ལ་,བང་རིམ་ན་
བུར་དུ་འོངས་,བུར་དུ་ལྷགས་
ཆེན་དང་ཁབ་,ཆེན་དང་། གྲི་
ཅད་འདྲེག་,ཅད་འབྲེག་
སྲུང་ལ་ཆེ་,སྲུང་ལ་ཚེ་
རྒྱལ་སྲིད་དུ་ལུང་,རྒྱལ་སྲིད་ལུང་
ེའི་,ིའི་
ཡི་གེ་འདྲི་,ཡི་གེ་ཕྲི་
རྩ་གཅིག་,གཅིག་
དོན་མཐུན་པ་དེ་,དོན་མཐུན་དེ་
ཉུང་,མང་
གསལ་བ་གསེར་,གསལ་བ། གསེར་
ལྷག་ ལོ་,ལྷག་པའི་སོ་སོར་ཐར་པ་ལ་སློབ་པ་སྟེ། ལོ་
དག་སྐྱུར་,དག་སྒྱུར་
འདུག་བའི་,འདུག་པས་
བཞུགས་ཤིག།,བཞུགས་ཤིག
ཕྱེ་ཤིག་བུ་,ཕྱེ་ཤིག །བུ་
སྦགས་,སྤགས་
སུ་ཕ་བ་,སུ་ཕབ་
ལྟ་སྟེ་གཞན་,ལྟ་སྟེ། གཞན་
ནང་འཁྲུགས་,ནང་འཁྲུག་
གཅིག་གོ་དབྱར་,གཅིག་གོ། །དབྱར་
རིང་པོར་ དབྱེན་,རིང་པོར་གྱུར་ཀྱང་རུང་སྙམ་ནས། དབྱེན་
མཉན་ཡོད་ན་རྒྱལ་བུ་,མཉན་ཡོད་དུ་
གྱིས་འྖེའམ།,གྱིས་འཆེའམ།
ནས་,བས་
དེ་སོང་པ་,དེ་སོང་བ་
བ་ལས་ཕྲ,བ་ལས་བཀྲ
སུ་བཅད་དེ་,སུ་བཅད་པ་
འདུག་ཀྱང་ སོ་,འདུག་ཀྱང་རུང་། སོ་
བྱིན་ཅིག་ཇི་,བྱིན་ཅིག །ཅི་
སོ་ཞེས་པའི་,སོ་ཞེས་བྱ་བའི་
དག།,།
འགལ་ཚབས་ །,འགལ་ཚབས་ཅན་དུ་མི་འགྱུར་རོ། །
པ་དང་བས་,པ་དང་ཟས་
བཅས་སམ་དེ་,བཅས་སམ། དེ་
ཤེས་ནས་བཅོམ་,ཤེས་ནས། བཅོམ་
པ་ལས་དེའི་,པ་ལས། དེའི་
ངས་,གས་
པ་དང་འདུ་,པ་དང་། འདུ་
སུམ་གཉིས་བོར་,སུམ་གཉིས་དོར་
་ཤིག།,་ཤིག
བའི་སྦྱོར་པ་,བའི་སྦྱོར་བ་
སྨྲས་པ་ཡོད་,སྨྲས་པ། ཡོད་
བར་སེམས་ཕ་,བར་སེམས་པ་
༑སངས་,།སངས་
བྱོས་ཤིག་དང་ཁྱོད་,བྱོས་ཤིག །ཁྱོད་
གིས་སྔོན་ཆད་,གིས་སྔོན་ཅད་
ལ་ཐུག་།,ལ་ཐུག །
བཟུང་བ་མྱ་,བཟུང་བ། མྱ་
ཚངས་ཅན་དག་གདིང་,ཚངས་ཅན་གདིང་
སྦྱོང་བྱའི་ང་,སྦྱོང་བྱའི། ང་
ན་སྐུད་,ན་སྐྱེད་
པར་,འདི་ལྔ་དང་ལྡན་པའི་དགེ་སློང་ནི་དགག་དབྱེ་བྱེད་པར་
རབ་འབྱུང་,རབ་བྱུང་
ལས་རྙིངས་,ལས་རྙིང་
པར་ཞོག་ཅིག,པར་ཞོག་ཤིག
ད་ནས་སེམས་,ད་ནས། སེམས་
བདག་ལ་ལས་,བདག་ལ་ཕས་
གྱུར་ན་གང་,གྱུར་ན། གང་
པ་འགྲོལ་,པ་དགྲོལ་
དེ་ཚོར་,ཚོར་
ཅན་དམྱལ་པའི་,ཅན་དམྱལ་བའི་
དང་ལྡན་བ་,དང་ལྡན་པ་
་ཉེ་,། ཉེ་
ཆེ་བ་བསྐལ་,ཆེ་བ། བསྐལ་
།,བརྐྱང་ངོ་། །
ཅག་གིས་མཐོ་,ཅག་གིས་ཐོ་
མས་སམ་ལྟུང་,མས་སམ། ལྟུང་
་གནོད་,། གནོད་
མིང་ཀུན་ཏུ་,མིང་ཀུན་དུ་
སྙམ་ན་ཀླུའི་,སྙམ་ན། ཀླུའི་
དུ་འཁོད་པ་,དུ་འཁོད་དེ་
ཱ་,་
་ཁོ་,།ཁོ་
ེ་,ི་
བསྒྱུར་བས་,བསྒྱུར་བར་
སྐད་ཅེས་དགེ་,སྐད་ཅེས། དགེ་
པའི་སེམས་ ཙན་,པའི་སེམས་དང་ལྡན་པ། ཙན་
སྔོན་བྱུང་བ་,སྔོན་བྱུང་པ་
དུག་ཟོ་ཞིག་,དུག་ཟོ་ཤིག་
གསོ་སྤྱོང་,གསོ་སྦྱོང་
སྒྲོན་མེ་,སྒྲོན་མ་
བླུགས་དང་འབྲུ་,བླུགས་དང་། འབྲུ་
པ་བའི་,པ་པའི་
ནི་གློ་,ནི་བློ་
སྣོམས་ཤིག་ཕྱེད་,སྣོམས་ཤིག །ཕྱེད་
འདུག་པར་,འདུག་པ་
སེམས་ཏེ་དགེ་,སེམས་ཏེ།དགེ་
སྐྱེས་པ་དེ་,སྐྱེས་པ། དེ་
ནུ་སྒྲ་གཅན་,ནུ་སྒྲ་ཅན་
འགྱུར་རོ་ཞེས་,འགྱུར་རོ། །ཞེས་
ནེ་ཙོ་,ནེ་ཚོ་
གྱུར་ཏེ་།,གྱུར་ཏེ། །
རིམ་གྲོར་,རིམ་གྲོ་
དང་ལྷམ་,དང་། ལྷམ་
ུ་སྤྱད་བའི་,ུ་སྤྱད་པའི་
བྱ་སྟེ་འདུག་,བྱ་སྟེ། འདུག་
ཅེས་བསྒོ་ཞིག,ཅེས་བསྒོ་ཅིག
ཐོང་ཞིག་,ཐོང་ཤིག་
མདོ་གདོན་,འདོན་
བྱས་པ་ངང་,བྱས་པ། ངང་
འདུག་གོ་ཅེས་,འདུག་གོ་ཞེས་
་པ་,་
གནས་བར་,གནས་པར་
ཕུལ་ཅིག་དེ་,ཕུལ་ཅིག །དེ་
ཀུན་ཏུ་,ཀུན་དུ་
དབེན་པར་,དབེན་པ་
མཚན་མའམ་ཁྲོན་,མཚན་མའམ། ཁྲོན་
ཞེས་བགྱ,ཞེས་བྱ
མ་ལོག་པ་རྣམ་,མ་ལོག །རྣམ་
ཆག་གདབ,ཆག་བ
ཀྱི་ཀུན་ཏུ་,ཀྱི་ཀུན་དུ་
གཟུགས་འགགས་སྐྱེ་,གཟུགས་འགགས་པས་སྐྱེ་མཆེད་དྲུག་འགག །སྐྱེ་
དུས་དང་དབྱར་,དུས་དང་། དབྱར་
འཁོར་ ཚེ་,འཁོར་བ་དགྲོལ་བར་མཛད་ན། ཚེ་
གྲོང་གི་བཤ,གྲོང་གི་ཤ
བྱ་སྟེ་དགག་,བྱ་སྟེ། དགག་
པ་དང་འབྱེད་,པ་དང་། འབྱེད་
ཀྱང་རུང་,ཀྱང་རུང་། ཐག་རིང་པོར་གྱུར་ཀྱང་རུང་སྙམ་
མི་རུང་ངོ་སྙམ་,མི་རུང་སྙམ་
གནོད་པ་ཅུང་,གནོད་པ་ཆུང་
སྙམ་ནས་རྟོག་,སྙམ་ནས། རྟོག་
རྒྱལ་དུ་སྒྱེལ་,རྒྱལ་དུ་འགྱེལ་
ཡོད་དེ།,ཡོད་དོ།
མཐོང་བས་,མཐོང་བའི་
བགྱིད་དོ་།,བགྱིད་དོ། །
་འོན་,།འོན་
ཀྱང་མི་བསྒྱུར་,ཀྱང་མི་སྒྱུར་
ཕུལ་ཅིག་དེས་,ཕུལ་ཅིག །དེས་
ཏད,རྟན་ཁྱོད་ཀྱི་སྙུན་གྱི་ཟོ་ཇི་ལྟ་དེས་སྨྲས་པ། ཚེ་ད
གིས་གསོལ་པ་,གིས་གསོལ་བ་
སྲུལ་པོ་,སྲུལ་བོ་
གསོལ་ཅིག།,གསོལ་ཅིག
གྱུར་པས་གལ་,གྱུར་པས། གལ་
གིས་སྲིད་,གིས་སྲིང་
བསམས་པ་འདི་,བསམས་པ། འདི་
ཉིད་དུ་གཡར་,ཉིད་དུ་དབྱར་
་སྤྱུགས་,།སྤྱུགས་
སྔོ་བར་,སྔོ་བ་
ལགས་ན་གལ་,ལགས་ན། གལ་
མཛོད་ཅིག་བྲམ་,མཛོད་ཅིག །བྲམ་
གྲོ,དྲོ
ཚོགས་ཀྱིས་,ཚོགས་ཀྱི་
༑གལ་,།གལ་
པ་རྫ་བ་,པ་རྫབ་
ཡང་ཚིག་འཆག,ཡང་ཚིག །འཆག
བུ་དག་བད་,བུ་དག །བད་
ག་,ཀ་
གསོལ་ཅིག་།,གསོལ་ཅིག །
སྤྱོན་ཅིག།,སྤྱོན་ཅིག
པའོ།།དེའི་,པའོ།། །།དེའི་
རུང་ངམ་,རུང་ངམ།
རྗོད་ཅིག་དེས་,རྗོད་ཅིག །དེས་
བྱ,ཀྱ
ྲུ,་ནས་བྱུ
ལྷགས་ན་དེ་,ལྷགས་ན། དེ་
མོ་གནས་བ་,མོ་གནས་པ་
ློ,། འདི་ལ་ཕན་གདགས་པར་བྱའོ་སྙམ་ནས་དེས་དེ་ལ་སྨྲས་པ། བུ་མོ་ཁོ་བོ་ནི་ཆུང་མ་དང་བུས་ཀྱང་ཡལ་བར་བོར་བ་ལས། ཁོ
ལྕི་སྟེ་འདི་,ལྕི་སྟེ། འདི་
སྟེ་སྟོན་བའི་,སྟེ་སྟོན་པའི་
མཆིས་པར་།,མཆིས་པར། །
ཞུས་ཤིག་དེ་,ཞུས་ཤིག །དེ་
མི་བཟློག་ །,མི་བཟློག་པར་བྱའོ། །
ལྡན་པ་ཆོས་,ལྡན་པ། ཆོས་
གཤེགས་པ་འཇིག་,གཤེགས་པ། འཇིག་
ར་བརྗོད་བར་,ར་བརྗོད་པར་
ཡོངས་སུ་ངག་,ཡོངས་སུ་དག་
དམ་བཅས་བའི་,དམ་བཅས་པའི་
ཆབས་,ཚབས་
བཤད་པར་,བཤད་པ་
བོར་ནས་འདོང་,བོར་ནས་དོང་
གིས་ཀུན་ཏུ་,གིས་ཀུན་དུ་
རྣམ་,པའམ། རྣམ་
གཅག་,བཅག་
ཅིང་འདུག་།,ཅིང་འདུག །
ཁང་བརྩིགས་པ་,ཁང་བརྩིགས་ལ་
བཅད་དེ་ཡང་,བཅད་དེ། ཡང་
བསྔོ་བ་བྱ,བསྔོ་བ་གྱ
གང་ཡིན་ །,གང་ཡིན་པའོ། །
ཤིང་དང་རྩྭ་,ཤིང་དང་། རྩྭ་
བཅུའི་ཚོགས་,ཚོགས་
དུ་བཟླས་ དེ་,དུ་བཟླས་ཏེ། དེ་
རྟེན་བརྩིགས་,རྟེན་བརྩིག་
ཤིན་ཏུ་བཞོན་,ཤིན་ཏུ་གཞོན་
།འདི་,འདི་
ཅད་ཀུན་ཏུ་,ཅད་ཀུན་དུ་
གྱིས་,གྱི་
བ་རི་,བ་རི་སྟན་ལས་ལངས་ནས་
སྨྲས་པ་སྐྱོབ་,སྨྲས་པ། སྐྱོབ་
དག་གོ་།,དག་གོ། །
མཆིས་པས་མཐོ་,མཆིས་པས་ཐོ་
བདག་མཆིའོ་།,བདག་མཆིའོ། །
ཚུར་ཤེག,ཚུར་ཤོག
མ་,གས་
མིང་ཅིར་གདགས,མིང་ཅིར་བཏགས
བོས་ཀྱི་དེ་,བོས་ཀྱི་བར་དུ་མ་འོང་བར་སྡོད་ཅིག །དེ་
རྣམས་ཀྱི་ས་,རྣམས་ཀྱིས་
པར་བྱེད་འཕྱ་,པར་བྱེད། འཕྱ་
པ་དང,དང
བ་རེ་,བ་རི་
གིས་རྫས་འཁོས་,གིས་རྫས་མཁོས་
ཤེས་པ་རྨོངས་,ཤེས་པ། རྨོངས་
༑ཇི་,།ཇི་
ཡབ་ཀྱིས་,ཡབ་ཀྱི་
སོར་ཐང་,སོར་ཐར་
པས་ཀུན་ཏུ་,པས་ཀུན་དུ་
ནི་དབུས་བའི་,ནི་དབུས་པའི་
སྨྲས་ཀྱིས་མ་,སྨྲས་ཀྱིས། མ་
པའི་ཕྱོགས་ཤིག་,པའི་ཕྱོགས་གཅིག་
བསང་བ་དག་,བསང་བདག་
སྤེལ་བར་,སྤེལ་བ་
ལགས་པ་དེ་ནི་,ལགས་པ་ནི་
ཅག་ཚོང་པར་,ཅག་ཚོང་བར་
ཆོས་འདུལ་པ་,ཆོས་འདུལ་བ་
ཨེར་ཁའི་,ཨེར་ཀའི་
བ་སྐྱེས་,བ་སྐྱེ་
བར་འཁོར་ན་,བར་འཁོར་བ་ན་
ལ་ནི་།,ལ་ནི། །
ཅིག་ནི་གསིལ་,ཅིག་ནི་བསིལ་
ྲིམ་པར་ །,ྲིམ་པར་བྱེད་དོ། །
འགྲམ་པ་ལ་བསྟད་,འགྲམ་པ་གཏད་
ལྟ་སྟེ་ལོངས་,ལྟ་སྟེ། ལོངས་
སྤྱོན་ཅིག་འགའ་,སྤྱོན་ཅིག །འགའ་
བདག་ལ་རྨ,བདག་ལ་སྨ
ལྡན་པ་དག་ཁྱེད་,ལྡན་པ་ཁྱེད་
དུ་གཟིམས་༄༅།,དུ་གཟིམས།
བར་སེམས་ཤེས་,བར་སེམས་ཞེས་
རྡོ་,རྔོ་
བྱེད་ན་དགེ་,བྱེད་ན། དགེ་
རྟོགས་ཤིག་བཅོམ་,རྟོགས་ཤིག །བཅོམ་
རྒྱུས་ལོང་ཞིག་,རྒྱུས་ལོང་ཤིག་
ཤེས་ཀོའུ་དི་,ཤེས་ཀཽཎྜི་
མར་,བུར་
བ་ཡིན་ནོ་,བ་ཡིན་
ཡང་རུང་༄༅།,ཡང་རུང་ངོ་།
ཡང་ནི་།,ཡང་ནི། །
ལས་བུ་ཕོ་དང་,ལས་བུ་དང་
དང་ལྡན་ མང་,དང་ལྡན་པ་དང་། མང་
གི་ཡུལ་ལ་,གི་ཡུལ་ན་
གནས་པར་,གནས་པ་
དག་སློབ་དུ་,དག་སློབ་ཏུ་
དགའ་ནས་ཆེ་,དགའ་ནས་ཚེ་
འབྱོར་པ་རྒྱས་,འབྱོར་པ། རྒྱས་
ཇི་ཙམ་ན་,ཇི་ཙམ་
མཐའ་སྦུ་,མཐའ་སྤུ་
སུ་གྱུར་པ།,སུ་གྱུར་བ།
གི་ཉེ་ གནས་,གི་ཉེ་འཁོར་མ་གཏོགས་པར་དགོན་པ་ལ་ཐུག་པ་དང་། གནས་
རྩུབ་པོ་ཕྱུང་,རྩུབ་པོ་བྱུང་
བར་མི་,བར་མ་
དུ་མི་ཤིག་,དུ་མི་འོང་བ་ཡིན་གྱིས་དམ་པ་མ་ཡིན་པའི་ཆོས་སྡིག་པ་སྤོང་ཤིག་
ལ་སོགས་བ་,ལ་སོགས་པ་
ཡིན་ནོ་།,ཡིན་ནོ།། །།
སློང་གཅིག་བུ་,སློང་གཅིག་པུ་
གསོ་སྦྱོང་ནི་བཅ,གསོ་སྦྱོང་བཅ
ཡིད་གིས་,ཡིད་གཉིས་ཀྱིས་དོན་དུ་གཉེར་བ་ཡིད་གཉིས་ཀྱི་ཡོ་བྱད་ཅན་དེ་དག་གིས་
ཚོགས་པ་དང།,ཚོགས་པ།
ཡང་བཏོན་དགེ་,ཡང་བཏོན། དགེ་
གང་གི་ཆེ་,གང་གི་ཚེ་
་སྩལ་,་སྨྲས་
བགོས་ཏེ་ཡང་,བགོས་ཏེ། ཡང་
ཆུ་ །,ཆུ་ལྐོག་མ་ནུབ་ཙམ་ལ་འབོག་པར་མི་བྱའོ། །
ཡོད་ཀྱི་ཤཱཀྱའི་,ཡོད་ཀྱི། ཤཱཀྱའི་
ཆད་དང་ མ་,ཆད་དང་། ཚངས་པར་སྤྱོད་པའི་བར་ཆད་དུ་འགྱུར་གྱིས། མ་
འདུ་བར་ དེ་,འདུ་བར་མི་འགྱུར་བ་དེ་ལྟར་བྱའོ་སྙམ་ནས། དེ་
གི་བུ་ ནོར་,གི་བུ་ལོན་འཇལ་བར་བྱེད་པ་དང་། ནོར་
བདག་གིས་,བདག་གི་
དེ་རབ་,རབ་
གཉིས་སྨྲ་བར་,གཉིས་སྨྲ་
གྲོང་ཁྱེར་ཝཱ་,གྲོང་ཁྱེར་བཱ་
འདུག་གོ་ཇི་,འདུག་གོ། །ཇི་
རྒུར་,སྒུར་
དེ་དག་གིས་ལེགས་,དེ་དག་ལེགས་
ཆད་,པ་ཁྱོད་
པ་དང་གཞན་,པ་དང་། གཞན་
ལ་གསོལ་བ་,ལ་གསོལ་པ་
ཇི་སྲིད་པར་,ཇི་སྲིད་བར་
བསད་བ་,བསད་པ་
གནས་བརྟན་འད,གནས་བརྟན་ད
སྙམ་མམ་ཅི་,སྙམ་མམ། ཅི་
༑བྲམ་,།བྲམ་
བ་བྱེ་,བ་བྱ་
༑ཁྱོད་,།ཁྱོད་
ྲི་,་
མི་བྱ་ལོ་,མི་བྱ། ལོ་
བཏོད་,གདོད་
དེའོ་,དེའི་
ཅིང་རྙེད་པ་རྙེད་ནས་,ཅིང་རྙེད་ནས་
བཅས་པ་འདི་དགེ་,བཅས་པ་དགེ་
རྒྱལ་བུ་རྒྱལ་བྱེད་,རྒྱལ་བྱེད་
བཞིན་དུ་དེ་ཕྱིར་,བཞིན་དུ་ཕྱིར་
ལྟ་སྟེ་གཙུག་,ལྟ་སྟེ།གཙུག་
འདི་ལྟར་བཅད་,འདི་ལྟར་གཅད་
དུ་འཁོང་,དུ་འཁོད་
གྱི་གྲོང་ག་,གྱི་གྲོང་ཁྱེར་ཆེ་
དེ་ཕྱེམ་,དེ་ཕྱི་
བྱེད་ཀྱིས།,བྱེད་ཀྱི།
པའི་,བའི་
ཁྱེའུ་རྣམས་པ་,ཁྱེའུ་རྣམས་སྤ་
མ་བརྐྱང་བ་,མ་བརྐྱང་པ་
པ་འོད་,པ་འོངས་
དགེ་བའི་ལས་,དགེ་བ་
གྱིས་བརྟོལ་བ་,གྱིས་བརྟོལ་པ་
བས་,པས་
བ་མྱུར་པར་,བ་མྱུར་བར་
ལས་འོངས་རྒྱ་,ལས་འོངས། རྒྱ་
བོ་ལ་སྨ,བོ་ལ་རྨ
སྨྲས་པ་རྒན་,སྨྲས་པ། རྒན་
དུ་,སུ་
རི་ཀཱ་ས་,རི་ཀཱས་
སྦྱོང་གོའུ་,སྦྱོང་གཽ་
ཏུ་འགྱུར་པ་,ཏུ་འགྱུར་བ་
ཞིག་འདུག་བ་,ཞིག་འདུག་པ་
དོང་སྟེ་འཁོད་,དོང་སྟེ། འཁོད་
བྱ་སྟེ་ཡང་,བྱ་སྟེ། ཡང་
་དབྱེན་,། དབྱེན་
ཞེས་གསུངས་,ཞེས་གསུང་
བཟུང་ངམ་བཙོན་,བཟུང་ངམ། བཙོན་
དམན་པར་,དམན་པ་
པ་སྐྱེས་བས,པ་སྐྱེས་པས
མཚན་མ་ བྱང་,མཚན་མ་བརྟན་པོ་ལགས། བྱང་
ཐག་,དག་
པ་མོའུ་,པ་མཽད་
དག་མེད་བར་,དག་མེད་པར་
མི་སྨྲའི་,མི་སྨྲས་
དབྱེ་ལེན་,དབྱེ་ལན་
བཀྲེས་སོ་།,བཀྲེས་སོ། །
བཅོམ་པ་གཅིག་,བཅོམ་པ་ཅིག་
དུ་སྐྱེས་,དུ་སྐྱེ་
དུས་བགྱིས་,དུས་བགྱིད་
ཀྱང་རུང་སོ་,ཀྱང་རུང་། སོ་
བར་བྱ་བ་སྟེ།,བར་བྱ་སྟེ།
བཅད་པར་,བཅད་པ་
གནས་པར་བསྒྲུབ་,གནས་པར་སྒྲུབ་
སྙམ་ནས་ཆོས་,སྙམ་ནས། ཆོས་
ྭགས་,གས་
༑ ལུག་,། ལུག་
རབ་ཏུ་འབྱུང་,རབ་ཏུ་དབྱུང་
དཀྱིལ་འཁོར་པའོ།,དཀྱིལ་འཁོར་བའོ།
ྦུབ་,་བུབ་
ག་,་
སུམ་ཆར་འདོ,སུམ་ཆར་དོ
གནས་དང་,གནས་བརྟན་གནས་ཁང་ཆེ་གེ་མོ་ནི་རྙེད་པ་དང་བཅས་པ། གོས་དང་
བག་གསར་,བག་སར་
བསེང་པོ་རིད་,བསེང་པོ། རིད་
ལ་ཉལ་པ་,ལ་ཉལ་བ་
པ་ཡི་།,པ་ཡི། །
དག་དོག་ས་,དག་དོགས་
ལྟར་བྱའོ་།ཞེས་,ལྟར་བྱའོ་ཞེས་
པའི་མདོག་,པའི་མདོ་
གཞུག་གོ་གལ་,གཞུག་གོ། །གལ་
བར་བྱས་,བར་བྱ་
མེད་དམ་མ་,མེད་དམ། མ་
བུ་དང་དགྲ་,བུ་དང་། དགྲ་
དྲིས་པ་ཡབ་,དྲིས་པ། ཡབ་
ཞེ་ན་འདུན་,ཞེ་ན། འདུན་
ང་ཚུལ་ འདི་,ང་ཚུལ་བཞིན་ཡིད་ལ་བྱེད་པ་ན། འདི་
ལ་ཐུག་པའི་,ལ་ཐུག་གི་
སྦྱོང་བྱའོ་།,སྦྱོང་བྱའོ། །
ཆད་དེ་དགེ་,ཆད་དོ། །དགེ་
བྱུང་ཤིག་དེ་,བྱུང་ཤིག །དེ་
དེའི་ཆེ་,དེའི་ཚེ་
ལས་སོ་།,ལས་སོ།། །།
ནས་གྲོང་ །,ནས་གྲོང་དུ་བསོད་སྙོམས་ལ་འཇུག་ཁོམ་པར་བྱའོ། །
པ་རྔོ་,པ་རྡོ་
ཤེས་ནས་བཅོམ་,ཤེས་ནས།བཅོམ་
གནས་པ་ དེ་,གནས་པ་མཉམ་པ་དག་ལྷགས་ན། དེ་
དག་ཁྱེད་,དག་ཁྱོད་
ཏེ་ཤི་ཞེས་ཟེར་,ཏེ་ཤི་ཟེར་
གིས་གནས་འད,གིས་གནས་ད
ཟེའི་ཁྱེའུ་བང་,ཟེའི་ཁྱེའུ་པང་
མི་གཙང་པ་,མི་གཙང་བ་
ནས་སོ་།,ནས་སོ། །
གྱུར་ན་བདག་,གྱུར་ན། བདག་
ལྷག་བའི་,ལྷག་པའི་
སོང་ལས་,སོང་ལ་
ཉམ་ཆུང་པ་,ཉམ་ཆུང་བ་
སྐད་སྦྲིང་,སྐད་སྤྲིང་
གི་ཚེ་སངས་,གི་ཚེ། སངས་
ཕ་རོལ་ཏུ་,ཕ་རོལ་དུ་
དཔྱ་ཉུང་དུ་,དཔྱ་ཉུང་ངུ་
ཇི་ལྟར་,ཇི་ལྟ་
དགེ་སློང་དག་ཁ་,དགེ་སློང་ཁ་
ཆུ་འབྲིམ་,ཆུ་འགྲིམ་
སྨྲས་པ་གྲོ་,སྨྲས་པ། གྲོ་
དེ་ཁ་ས,དེ་ཁས
སྙམ་དུ་ དགེ་,སྙམ་དུ་སེམས་ཏེ། དགེ་
ི་,ེ་
དག་འདུག་ དེ་,དག་འདུག་ཅིང་མཐུན་པར་གྱུར་པ་ན། དེ་
ཡོད་དེ་དེར་,ཡོད་དེ། དེར་
ནས་སྨེད་,ནས་སྨོད་
གྱིས་སྐྱེས་,གྱིས་སྐྱེ་
ཞེས་ཁ་དོན་,ཞེས་ཁ་ཏོན་
རྣལ་འབྱོར་བསྒོམ་,རྣལ་འབྱོར་སྒོམ་
གིས་བདག་ལ་,གིས་བདག་
པོ་བསྐུམ་,པོ་བཀུམ་
སྤོང་བ་བའི་,སྤོང་བའི་
སོང་ནས།,སོང་ན།
སྩལ་པ་མདོ་,སྩལ་པ། མདོ་
བཟླས་ཏེ་༄༅།,བཟླས་ཏེ།
ཡང་དག་པར་གཞག་,ཡང་དག་བཞག་
པར་བགྱིའོ་༄༅།,པར་བགྱིའོ།
གསོལ་ན་ཐུགས་,གསོལ་ན། ཐུགས་
ལྟ་སྟེ་དཔེར་,ལྟ་སྟེ། དཔེར་
ཁྲིད་དེ་ཕྱོགས་,ཁྲིད་དེ། ཕྱོགས་
དག་ལ་ཡང་འགལ་,དག་ལ་འགལ་
བ་,པ་
མ་ཡིན་པ་ཡིན་ནམ་,མ་ཡིན་ནམ་
རབ་སྤངས་པ།,རབ་སྤངས་ལ།
གཞུག་ཅིག་།,གཞུག་ཅིག །
ཉོན་ཅིག་འདི་,ཉོན་ཅིག །འདི་
འདི་དག་ཅུང་,འདི་དག་ཆུང་
པ་འགགས་མངོན་,པ་འགགས་པས་ལེན་པ་འགག་གོ་སྙམ་དུ་ཡང་དག་པ་ཇི་ལྟ་བ་བཞིན་མངོན་
ངེས་,དེས་
ལེགས་པའི་,ལེགས་པར་
།དེ་,དེ་
པོ་དག་ དེ་,པོ་དག་སྙིང་རྗེ་རྗེ་སྐད་དུ་ངུ་། དེ་
བཅོ,རྫོ
ཀྱིས་གདུང་པར་,ཀྱིས་གདུང་བར་
པར་འཇུག་,པར་འདུག་
༑ སྡུག་,། སྡུག་
བགྱིད་པའམ་ཐམས་,བགྱིད་པའམ། ཐམས་
དག་ལྷགས་པ་,དག་ལྷགས་ན།
འགའ་ཞིག་གིས་ཅུང་,འགའ་ཞིག་ཅུང་
སྟེ་,སྟ་
དུ་བྱའོ་།,དུ་བྱའོ། །
ལ་མི་བརྗོད་,ལ་མི་རྗོད་
ཀྱིས་ཁྱོད་,ཀྱིས་ཁྱེད་
།དེ་རྩེ་,།རྩེ་
དེ་དག་འཁྲང་,དེ་དག་མཁྲང་
སློང་གི་ཡང་,སློང་གི་མདུན་དུ་ལྟུང་བ་དེ་ཆོས་བཞིན་དུ་སླར་བགྱིད་པར་སྤྲོ་བ་སུ་ཡང་
ན་སཱ་,ན་ས་
་འ,། འ
མི་འགྱུར་རོ།,མི་འགྱུར།
བརྩེགས་པའམ་བསིལ་,བརྩེགས་པའམ། བསིལ་
གསོལ་ཏོ།,གསོལ་ཏེ།
རྒལ་དུ་འཛེག་,རྒལ་དུ་གཟེག་
རྩེ་མོའི་,རྩེ་མོས་
ཅིག་ཅེས་སྨོན་ལམ་བཏབ་,ཅིག་ཅེས་བཏབ་
་ན,ན
རྗེས་ །,རྗེས་སུ་བགྱིད་དོ། །
བདག་དྲང་པར་,བདག་དྲང་བར་
རྩྭ་ཀུ་,རྩྭ་ཀ་
སྤྲིང་ན་ཞག་,སྤྲིང་ན། ཞག་
ཚོང་བརྡལ་,ཚོང་རྡལ་
རྙེད་པ་རྐྱེན་,རྙེད་པ། རྐྱེན་
སྩལ་པ༑ དགེ་,སྩལ་པ། དགེ་
བ་དག་པོར་,བ་དག་བོར་
ནས་སྐྱེས་ཀྱིས་སྨན་,ནས་སྐྱེས་སྨན་
སྩལ་པ་བྲེའི་,སྩལ་པ། བྲེའི་
སློང་འདུན་བ་,སློང་འདུན་པ་
གྱི་ལམ་ཁར་,གྱི་ལམ་ཀར་
མཇུག་ཏུ་འགྱེས་,མཇུག་ཏུ་དགྱེས་
ཅིང་,ཞིང་
མཛད་དོ།,མཛད་དེ།
སྡུག་བསྔལ་བསྐྱེད་,སྡུག་བསྔལ་སྐྱེད་
མཛོད་ཅིག།,མཛོད་ཅིག
དུའམ,ངུའམ
གཞོན་རིམས་,གཞོན་རིམ་
གྱིས་ཤིག་འདི་,གྱིས་ཤིག །འདི་
གས་རྣམས་ ཤ་,གས་རྣམས་དང་། ཤ་
བཟོད་དོ་།ཞེས་,བཟོད་དོ་ཞེས་
གིས་གསོལ་བ་,གིས་གསོལ་པ་
དེས་དེ་,དེས་ད་
བཞག་གོ་རྒྱལ་,བཞག་གོ། །རྒྱལ་
བར་སྦྱར་བའོ,བར་སྦྱར་བར་བྱ་བའོ
སྩལ་པ་དང་དགོན་,སྩལ་པ། དགོན་
་ཡི་,།ཡི་
ཅག་དགེ་ ལྷུང་,ཅག་དགེ་སློང་རབ་ཏུ་མང་པོ་དག་སྔ་དྲོ་ཤམ་ཐབས་འཚལ། ལྷུང་
སྤངས་ཏེ་ལས་,སྤངས་ཏེ། ལས་
སེམས་ཏེ་དེང་,སེམས་ཏེ། དེང་
བོ་གཅིག་བུར་,བོ་གཅིག་པུར་
ལྟར་མཆིས།,ལྟར་མཆི།
གྱུར་ནས་བཅོམ་,གྱུར་ནས། བཅོམ་
བུ་ཆུང་ཡང་བཅད་,བུ་ཆུང་བཅད་
རྣམས་སོ་།,རྣམས་སོ། །
ཅན་,པ་
༑ སེམས་,། སེམས་
མཛོད་ཅིག་འཕགས་,མཛོད་ཅིག །འཕགས་
ཉན་ཐོས་ཀྱི་སྡུག་,ཉན་ཐོས་སྡུག་
རང་,དང་
བརྩེ་བས་,བརྩེ་བའི་
སྐྱེད་ཅིག་སྡུག་,སྐྱེད་ཅིག །སྡུག་
ཆེ་བ་ཞིག་མཆིས་,ཆེ་བ་མཆིས་
དུ་སཱ་,དུ་ས་
ཆེན་པོ་དང་ལྡན་,ཆེན་པོ་ལྡན་
བ་དང་གཞིའི་,བ་དང་བཞིའི་
ྱེལ་ནས་དུ་,ྱེལ་ནས་ངུ་
དེ་ཡང་དུས་,དུས་
ཅི་ཁྱོད་,ཅི་ཁྱེད་
མོ་འཛིན་ངག་,མོ་འཛིན་པ་དག་
ཅན་དམྱལ་པ་,ཅན་དམྱལ་བ་
འཛིན་པ༑ འདུལ་,འཛིན་པ། འདུལ་
སྤགས་ཏེ་ཚུལ་,སྤགས་ཏེ། ཚུལ་
ཀྱི་སྐུ་བལྟར་,ཀྱི་སྐུ་ལྟར་
གྱིས་ཟློག་བར་,གྱིས་ཟློག་པར་
ཆག་བཏབ།,ཆག་བྱ།
ཏོག་འབྱོར་བ་,ཏོག་འབྱོར་པ་
དུ་གླེང་པར་,དུ་གླེང་བར་
ྩོལ་,ོལ་
དག་རྫས་འཁོས་,དག་རྫས་མཁོས་
སྟོན་ཅིག་ཚེ་,སྟོན་ཅིག །ཚེ་
མེད་པར་,མེད་པ་
་རྒལ་,་རང་གི་ཤས་བསྙེན་བཀུར་བྱས་པར་རིག་ནས་དེ་འདི་སྙམ་དུ་སེམས་ཏེ། བདག་དད་པས་བྱིན་པ་ཡོངས་སུ་ལོངས་སྤྱད་ནས་བདག་གློས་ཕབ་སྟེ་འདུག་པ་ནི་རིགས་པ་མ་ཡིན་གྱིས། མ་ལ་བདག་གིས་མ་ཐོབ་པ་ཐོབ་པར་བྱ་བ་དང་། མ་རྟོགས་པ་རྟོགས་པར་བྱ་བ་དང་། མངོན་སུམ་དུ་མ་བྱས་པ་མངོན་སུམ་དུ་བྱ་བའི་ཕྱིར་བདག་གིས་འབད་པར་བྱའོ་སྙམ་ནས། དེ་ནས་དེ་ཞི་བའི་ཕྱོགས་སུ་སོང་སྟེ་མངོན་པར་ཤེས་པ་ལྔ་མངོན་སུམ་དུ་བྱས་སོ། །དགེ་སློང་དག་ཇི་སྙམ་དུ་སེམས། དེའི་ཚེ་དེའི་དུས་ཀྱི་ཁྱིམ་བདག་སྡེ་ཆེན་ཞེས་བྱ་བའི་ཆུང་མ་གང་ཡིན་པ་དེ་ནི་ཁྱིམ་བདག་སྡེ་ཆེན་གྱི་ཆུང་མ་འདི་ཉིད་ཡིན་ནོ། །དེའི་ཚེ་དེའི་དུས་ཀྱི་བྲམ་ཟེའི་ཁྱེའུ་གང་ཡིན་པ་དེ་ནི་དགེ་སློང་འདི་ཉིད་ཡིན་ཏེ་དེའི་ཚེ་ཡང་འདིས་དགེ་སློང་དེ་ལ་
ལྡས་,ལྔས་
བར་འདུག་ཅིག,བར་འདུག་ཤིག
སེམས་སོ་།,སེམས་སོ། །
བྱ་སྟེ་གནས་,བྱ་སྟེ། གནས་
གསུངས་པར་,གསུངས་པའི་
གྱུར་ཅིག་།,གྱུར་ཅིག །
པོ་ཆེ་སྣ་,པོ་ཆེ་
ཀྱིས་གསོལ་བ་,ཀྱིས་གསོལ་པ་
ཏྱའི་བུའི་བུ་,ཏྱའི་བུ་
ཕྱེ་,ཕྱི་
ཉོན་ཅིག་བཞི་,ཉོན་ཅིག །བཞི་
ཀུན་དགའ་པོའི་,ཀུན་དགའ་བོའི་
ཁུ་,གུ་
འདོད་ན་དགེ་,འདོད་ན། དགེ་
པར་བགྱིའོ།,པར་བགྱིད་དོ།
ྦྱ,་ནི་ངག་གིས་འབྱ
༑ བུ་,། བུ་
འི་ཀུན་ཏུ་,འི་ཀུན་དུ་
སྐྱེས་དང་བཅས་,སྐྱེས་དང་ཆས་
དེ་ཤི་ཞིང་,དེ་ཤི་ཤིང་
་དང་,ང་
ངན་དང་དུད་,ངན་དང་ངུད་
ཉིད་དུ་གཞུག་,ཉིད་དུ་བཅུག་
།བཀུར་ཏོ།,།བཀུར་རོ།
དྭགས་,དགས་
དུ་འགྱུར་པས།,དུ་འགྱུར་བས།
པ་ལེགས་,པ་ལགས་
ནི་མཆི་༄༅།,ནི་མཆི།
ཤིང་མགུ་པ་,ཤིང་མགུ་བ་
ཡིན་གྱི་མཚན་,ཡིན་གྱི། མཚན་
་བཞིན་དུ་མྱུར་,་བཞིན་མྱུར་
བསམས་པ་བདག་,བསམས་པ། བདག་
ནི་འདི་ །,ནི་འདི་དག་ལགས་སོ། །
དེས་སྨྲས་བ།,དེས་སྨྲས་པ།
བ་དང་གསལ་,བ་དང་། གསལ་
བློ་སྐྱེས་བ་བྲན་,བློ་སྐྱེས་པ། བྲན་
འདུག་གོ་བྲམ་,འདུག་གོ། །བྲམ་
གདོང་དུ་བལྟ་,གདོང་དུ་ལྟ་
དག་དང་འབྲལ་,དག་དང་བྲལ་
མ་ལོག་ཕྱིར་,མ་ལོག །ཕྱིར་
གྱུར་ནས་དགྲ་,གྱུར་ནས། །དགྲ་
།དེའི་,།དེ་
ཚོགས་དང་ཤིང་,ཚོགས་དང་། ཤིང་
པར་བརྩམས་ཏེ།,པར་བརྩམས་སོ།
ཀྱིས་ཀུན་ཏུ་,ཀྱིས་ཀུན་དུ་
དུར་,ངུར་
ལ་གསོལ་པ་,ལ་གསོལ་བ་
ཡང་མི་,ཡང་མ་
སློང་རྣམས་ལ་,སློང་རྣམས་
ཁང་བྕུའམ།,ཁང་བཅུའམ།
སྨད་འཆལ་,སྨད་འཆར་
་དག་ནི་,་དག་
ན་དེ་,ན་ད་
མཁྱེན་ཏེ་།,མཁྱེན་ཏེ། །
འཇིགས་བས་,འཇིགས་པས་
ཞེས་བྒྱིའམ།,ཞེས་བགྱིའམ།
ནི་ཟན་,ནི་ཟས་
སྐད་དུ་དུའོ།,སྐད་དུ་ངུའོ།
བསྐྱེད་དེ་གྲོང་,བསྐྱེད་དེ། གྲོང་
འགྱེད་,དགྱེད་
མ་ལོན་བས་,མ་ལོན་པས་
གསལ་པ་,གསལ་བ་
ཞུས་པ་བཙུན་,ཞུས་པ། བཙུན་
གནས་པར་ །,གནས་པར་ལྗོངས་རྒྱུར་འགྲོ་བར་རྗེས་སུ་གནང་ངོ་། །
གྱུར་ཏེ་བྱི་,གྱུར་ཏེ། བྱི་
དུ་སོང་ནས,དུ་སོང་ས
༑ གཞོན་,། གཞོན་
སྨྲས་པ་ཉེ་,སྨྲས་པ། ཉེ་
སྤངས་ཏེ༑ གསེར་,སྤངས་ཏེ། གསེར་
དང་བསྒྲུན་,དང་བསྐྲུན་
དབབ་པར་,དབབ་པ་
ཆུ་དྲོན་མོས་,ཆུ་དྲོན་པོས་
གཅིག་གིས་,གཅིག་གི་
་ཤིག་གལ་,་ཤིག །གལ་
ཕྱིར་ཁྱོད་,ཕྱིར་ཁྱེད་
བྱེད་དང་ངག་,བྱེད་དང་། ངག་
ཁས་བླངས་,ཁས་བླང་
ཅིག་ནི་,ཅིག་
བཀུར་ཏོ།,བཀུར་རོ།
རློ་བ་ལག་,རློ་བ། ལག་
འདི་ལྟ་བུ་,འདི་ལྟར་
དབྱར་གནས་བར་,དབྱར་གནས་པར་
འཛིན་པ་འདབ་,འཛིན་པ། འདབ་
ལྔ་པ་དེ་ཡིན་,ལྔ་པ་ཡིན་
མེད་དོ་།,མེད་དོ།། །།
ཀྱང་དེ་ཅང་,ཀྱང་དེ་ཡང་
རྟེན་དེ་བལྟ་,རྟེན་དེ་ལྟ་
མི་བྒྱིའམ།,མི་བགྱིའམ།
ཁོ་བོས་,ཁོ་བོ་
དེ་ཝཱ་,དེ་བཱ་
ཀའི་,གའི་
།དེང་,དེང་
པ་གནས་ཤིག་,པ་གནས་ཞིག་
མར་སར་དང,མར་དང
གིས་བཅིངས་བ་,གིས་བཅིངས་པ་
དག་གོ་འདུན་,དག་གོ། །འདུན་
བར་ཤོག་ཅིག,བར་ཤོག་ཤིག
སྡེའི་རིགས་,སྡེའི་རིས་
དྲུག་གོ་སྔ་,དྲུག་གོ། །སྔ་
བྱེད་པ་མཐོ་,བྱེད་པ།མཐོ་
པ་ན་འདི་,པ་ན། འདི་
ཏྲེ་མ་པུ་,ཏྲེ་མ་བུ་
དེའི་བགས་,དེའི་པགས་
བདེན་པ་ དེས་,བདེན་པ་དག་ལ་བཀོད་པ་ན། དེས་
འགྲོ་བར་འགྱུར་,འགྲོ་བར་གྱུར་
བ་དང་སྟོང་,བ་དང་། སྟོང་
བཞིན་སྐྱེས་ཆུར་,བཞིན་སྐྱེས་ཚུར་
ཉོན་ཅིག་སྲོག་,ཉོན་ཅིག །སྲོག་
བསལ་ལ་ལྟུང་,བསལ་ལ། ལྟུང་
ལ་གནྜཱི་,ལ་གཎྜཱི་
བར་བྱ་སྟེ།,བར་བྱའོ།
པར་གྱུར་པ་ལ།,པར་གྱུར་ལ།
བཟོད་པ་དག་,བཟོད་པ་དེ་དག་
ཚོགས་དང་དཔུང་,ཚོགས་དང་། དཔུང་
ཏུ་འདས་ བཅོམ་,ཏུ་འདས་པས་མཚན་མོ་ལ་བབ་པ་དང་། བཅོམ་
པ་ན༑ དེ་,པ་ན། དེ་
༑ འཇིགས་,། འཇིགས་
སྤྱོད་པར་བྱེད་པ་,སྤྱོད་པ་
སྙམ་མོ་།དེ་,སྙམ་མོ་དེ་
མཚན་མ་ དགེ་,མཚན་མ་འདི་ལྟ་སྟེ། དགེ་
པ་མི་བཟུང་,པ་མི་གཟུང་
གྱི་འབྱོར་པ་,གྱི་འབྱོར་བ་
པ་དང་དེས་,པ་དང་། དེས་
ཡིན་པའི་ཁ་,ཡིན་པའི་
སྨྲས་པ་ཁོ་,སྨྲས་པ། ཁོ་
གྲུ་བ་,གྲུ་པ་
་སྦྱིན་,།སྦྱིན་
བས་ཉེན་པས་,བས་ཉེན་ནས་
ལྷགས་ན་༄༅།,ལྷགས་ན།
སྦྱོང་ཁྱོད་,སྦྱོང་ཁྱེད་
ཉིན་ གལ་,ཉིན་པར་བྱས་པས་མ་ཡིན་ནམ། གལ་
སྩལ་པ་དེ་,སྩལ་པ། དེ་
ནུས་ཀྱིས་བདག་,ནུས་ཀྱིས། བདག་
པ་སྤོངས་,པ་སྤོང་
ཡང་དག་དང་,ཡང་དག་པར་
ུ་སྤྱོད་,ུ་སྤྱད་
མ་གསུངས་,མ་གསུང་
པས་,པ་ལ་
སེམས་ཤིང་ཆོས་,སེམས་ཤིང་། ཆོས་
རྩེ་མོར་,རྩེ་མོས་
མཚན་མའམ་བྱ་,མཚན་མའམ། བྱ་
མཆེད་དྲུག་།,མཆེད་དྲུག །
སྩལ་པ་དགེ་,སྩལ་པ། དགེ་
རིག་པ་དྲི་,རིག་པ། དྲི་
ཡང་བཅོ་,ཡང་བཅྭ་
དག་དང་མི་འབྲལ་,དག་དང་འབྲལ་
ཟད་ཆགས་བ་,ཟད་ཆགས་པ་
ལོན་པར་,ལོན་པ་
པར་བསྒོ་བ་,པར་བསྒོ་
སྨྲས་པ་བུ་,སྨྲས་པ། བུ་
ལྟ་སྟེ་གཙུག་,ལྟ་སྟེ། གཙུག་
པ་ཡིན་གྱི་,པ་ཡིན་པས་
ཆིངས་ཤིག་སྤྱུགས་,ཆིངས་ཤིག །སྤྱུགས་
།བཙུན་,བཙུན་
ནི་རྟོག་བའི་,ནི་རྟོག་པའི་
ལྟ་སྟེ་དེས་,ལྟ་སྟེ། དེས་
སུ་མྱོང་,སུ་མྱང་
ཡིན་ཏེ་འདི་,ཡིན་ཏེ། འདི་
སོར་བཤགས་བས་,སོར་བཤགས་པས་
སྤྱོད་,སྐྱོད་
བ་དང་གང་,བ་དང་། གང་
ནི་གསུངས་,ནི་གསུང་
ཅིའི་ཕྱིར་དེ་,ཅིའི་ཕྱིར། དེ་
དུ་བཤུམས།,དུ་བཤུམ།
གྱི་བུ་གཅེར་བུ་ལ་,གྱི་བུ་ལ་
ཤིག་དེ་ནས་དེ་སྟེང་,ཤིག་དེ་སྟེང་
མ་འཇུག་ཅིག,མ་འཇུག་ཤིག
མ་བགྱིས་མས་,མ་བགྱིས། མས་
འགྱུར་ཏེ་དེའི་,འགྱུར་ཏེ། དེའི་
བྱེད་འདུག།,བྱེད་འདུག
བཅུག་གམ་དེ་,བཅུག་གམ། དེ་
ཏུ་འབྱུང་པར་,ཏུ་འབྱུང་བར་
ཡོད་ན་དགེ་,ཡོད་ན།དགེ་
འདིར་དབྱར་,དབྱར་
དང་སུན་བྱུང་,དང་སུན་ཕྱུང་
བོ་གཅིག་བུ་,བོ་གཅིག་པུ་
ཞེ་ས་,ཞེས་
ལྷ་རྣམས་ལྟ་,ལྷ་རྣམས་བལྟ་
ཕྱིར་རོ་ཞེས་,ཕྱིར་རོ། །ཞེས་
པ་དང་ཤུ་,པ་དང་། ཤུ་
མོས་མ་བཟློག་,མོས་མ་ཟློག་
ཞེས་བརྗོད་བར་,ཞེས་བརྗོད་པར་
ནུས་པའི་པར་,ནུས་པའི་བར་
།ཇི་,།ཅི་
།,པར་རྫོགས་པས་ཀྱང་བསླབ་བོ། །
ཐུབ་པ་ཤཱཀྱ,ཐུབ་པ། ཤཱཀྱ
པ་འདྲས་,པ་འདྲ་བ་
བར་དེའི་དེ་,བར་དེའི་འོག་ཏུ་དགེ་སློང་གཉུག་མར་གནས་པ་མཉམ་པ་དག་ལྷགས་ན། དེ་
,འདུན་བཙུན་པ་རྣམས་གསན་དུ་གསོལ།
བསྔལ་ལམ།,བསྔལ་བའམ།
པ་དང་འདི་,པ་དང་། འདི་
་སྨྲོས་,་སྨོས་
ུ་གཤེགས་,ུ་གཤེག་
བ་སྟེ་དེ་,བ་སྟེ། དེ་
བླངས་སོ་།,བླངས་སོ། །
ལེན་གྱིས་,ལེན་གྱི་
ཤེས་,ཤས་
དམན་བ་,དམན་པ་
༑ ཁྱོད་,། ཁྱོད་
གི་ཕྱིར་འཇིག་,གི་ཕྱིར། འཇིག་
འདྲལ་པ་,འདྲལ་བ་
བྱེད་ཀྱིས་ཚུར་,བྱེད་ཀྱིས། ཚུར་
ཁྱོ་ཤུགས་,ཁྱོ་ཤུག་
གདོན་པར་,གདོན་པ་
འདས་པར་,འདས་པ་ལ་
རྫོགས་པར་,རྫོགས་པ་
འདུག་སྟེ་ །,འདུག་སྟེ་ཕྱོགས་བཞིར་བལྟ་བར་བྱའོ། །
བཙུན་པ་བཅོམ་ལྡན་འདས་རྡོ་,བཙུན་པ་རྡོ་
སེམས་ཤིག།,སེམས་ཤིག
ཐོབ་པ་སྲིད་,ཐོབ་པ། སྲིད་
འཆིང་བ་དུལ་,འཆིང་བ་རུལ་
ཏུ་ཕྱུང་ཞིག་,ཏུ་ཕྱུང་ཤིག་
མཁན་པོའི་,མཁན་པོ་
ངོ།,སོ།
ཁུ་དང་གཞན་,ཁུ་དང་། གཞན་
སྐད་ཅེས་འཕགས་,སྐད་ཅེས། འཕགས་
་ན་ཁ་,་ན། ཁ་
རྙེད་ནས།,རྙེད་ན།
གྱུར་ཏེ།,གྱུར་ཏོ།
་ཀུན་ཏུ་,་ཀུན་དུ་
ཀྱིས་གྲོགས་པོའི་ཚོགས་ཡོངས་,ཀྱིས་གྲོགས་ཡོངས་
ཡང་ཚིག་འཆག་,ཡང་ཚིག །འཆག་
བསྒོམ་,སྒོམ་
རྐུན་པ་དེ་,རྐུན་དེ་
་འོངས་,། །འོངས་
བྱེད་དོ།,བྱེད་དེ།
མང་པོ་འབྱུང་,མང་པོ་བྱུང་
ཐོབ་ཅིག་ཁྱོད་,ཐོབ་ཅིག །ཁྱོད་
སྨྲས་པ་ཚེ་,སྨྲས་པ། ཚེ་
་གཉིས་,། གཉིས་
མི་འཚམ་བའི་,མི་འཚམ་པའི་
ཏུར་,ཐུར་
པ་དང།,པ་དེ་དགུམ་ཅི་འཚལ།
གུ་སྨྱུ་,གུ་སྨྱིག་
་སེམས་,། སེམས་
སྨྲས་པ་བཟང་,སྨྲས་པ། བཟང་
གཉེར་བ་ལུས་,གཉེར་བ། ལུས་
པར་མཆིས་,པར་མཆིད་
་དྲན་བར་,་དྲན་པར་
མཚན་བར་,མཚན་པར་
པ་ཞིག་དེས་,པ་ཞིག །དེས་
འདི་གཅིག་བུས་,འདི་གཅིག་པུས་
ན་ལྷན་པས་,ན་ལྷན་བས་
་ཤིག་།,་ཤིག །
མགྲོན་,འགྲོན་
འགག,བགག
གུ་,བུ་
ལ་མཉམ་,ལ་མཉན་
སྐྱོང་བས་ཀྱང་སྨྲས་,སྐྱོང་བས་སྨྲས་
འདུན་བཙུན་བ་,འདུན་བཙུན་པ་
ཁྱོད་ལ་ཅུང་,ཁྱོད་ལ་ཆུང་
འགྱུར་ཏེ་གལ་,འགྱུར་ཏེ། གལ་
རྨེད་པ་དང།,རྨེད་པ།
སྲིད་འཚོ་བའི་,སྲིད་འཚོའི་
པར་བགྱི་རྙེད་,པར་བགྱི། རྙེད་
སོ་སོར་དེང།,སོ་སོར།
ཚུལ་གྱི་བྱ་བ་དང,ཚུལ་གྱི་དང
ལྡན་འདས་རྣམས་ནི་,ལྡན་འདས་ནི་
གླང་,ལང་
མིང་,མང་
ནི་ཤིན་ཏུ་,ནི་ཤིན་དུ་
འཁུ་པ་,འཁུ་བ་
པའི་མཆན་,པའི་མཚན་
པ་སྤངས་,པ་སྤང་
རིངས་ཀུན་ཏུ་,རིངས་ཀུན་དུ་
སྣང་ནས་ལྷ་,སྣང་ནས། ལྷ་
ཡང་རིགས་,ཡང་རིག་
སྟེ,ཏེ
འདུག་གོ་དེས་,འདུག་གོ། །དེས་
པར་བྱ་དགེ་,པར་བྱ། དགེ་
བར་བྱེད་ཁ་,བར་བྱེད། ཁ་
ཡིན་གྱི་དང་,ཡིན་གྱི། དང་
བའི་,པའི་
པའི་ཤཱཀྱ་འཁོན་,པའི་ཤཱཀྱ་ཁོན་
ཕྱིར་རོ་།,ཕྱིར་རོ། །
འགྱུར་གྱིས་མ་,འགྱུར་གྱིས། མ་
གསུམ་པའི་ལྷའི་གནས་,གསུམ་པའི་གནས་
རྒྱུ་དང་འདོད་,རྒྱུ་དང་། འདོད་
བཅས་པ་ཇི་,བཅས་པ་ཅི་
དང།,།
གིས་ཡོན་བསྔོ་,གིས་ཡོན་སྔོ་
གི་ནང་དུ་,གི་ནང་ན་
ལ་མི་བཟོ་,ལ་མི་གཟོ་
མ་ལྡང་ཞིག,མ་ལྡང་ཤིག
ཙོ་དང་རི་,ཙོ་དང་། རི་
་ངའི་,།ངའི་
་ཞུས་,་ཞུ་
བྱིན་སྙིག་,བྱིན་སྙིང་
སྙན་བར་,སྙན་པར་
ལགས་ཏེ་བདག་,ལགས་ཏེ། བདག་
སློབ་ འཛིན་,སློབ་པར་བྱེད། འཛིན་
༑ དེའི་,། དེའི་
སེམས་མགུ་པར་,སེམས་མགུ་བར་
འདི་སྙམ་དུ་སེམས་,འདི་སྙམ་སེམས་
ཐར་པའི་མདོ་,ཐར་པ་
ཏེ་ལས་ །,ཏེ་ལས་བྱའོ། །
མཐུ་ཆེན་མོ་,མཐུ་ཆེན་པོ་
རྗེས་སུ་བདག་རབ་,རྗེས་སུ་རབ་
དགེ་འདུན་གྱི་,དགེ་འདུན་
སུ་དག་ཡི,སུ་དག་ཅི
བུལ་ལོ་ཞེས་,བུལ་ལོ། །ཞེས་
ཉམས་,ཉམ་
ནས་གཉིས་,ནས་གཉི་
།དགེ་,དགེ་
སོར་ཐར་བའི་མདོ་,སོར་ཐར་པ་
ནས་འདོང་,ནས་འདོད་
མཛེས་པ་མ་,མཛེས་པ། མ་
དགེ་སློང་གང་,དགེ་སློང་
པར་བགྱིད་བསྙེན་,པར་བགྱིད། བསྙེན་
ོའུ་,ཽད་
བྱའོ།,ཞེས་དྲི་བར་བྱའོ།
བཅུ་བཞི་བ་,བཅུ་བཞི་པ་
མལ་གྱིས་ དེས་,མལ་གྱིས་འཚོ་བར་སྤྲོའམ། དེས་
ྱུར་,་
མས་ཀུན་ཏུ་,མས་ཀུན་དུ་
ཁས་འཆེས་,ཁས་འཆེ་
ྡན་,་གཞན་
བླན་ཏེ་འཁོད་,བླན་ཏེ། འཁོད་
རོལ་ཏུ་,རོལ་དུ་
སྤྱོད་དམ་དེས་,སྤྱོད་དམ། དེས་
པ་དག་,པ་དང་
ཡང་མོའུ་,ཡང་མཽད་
ཀྭའི་,ཀྭའེ་
གདུགས་བརྡལ་,གདུགས་བདལ་
དག་ཀུན་ཏུ་,དག་ཀུན་དུ་
འཁོད་ཀྱིས་དེ་,འཁོད་ཀྱིས། དེ་
༑ཡང་,།ཡང་
སྐྱེ་མཆེད་ ཅི་,སྐྱེ་མཆེད་དང་། ཅི་
དག་ཁྱེའུ་ཡི་,དག་ཁྱེའུའི་
ཞི་བ་ཆོམ་,ཞི་བ། ཆོམ་
ནས་འགྲོ་འོ་,ནས་འགྲོའོ་
ར་,་ལ་
གཉན་,།མཉན་
པོ་ནང་ནས་,པོ་ནང་དུ་
སྡོང་དུམ་ཆིག་,སྡོང་དུམ་ཚིག་
༑ གནས་,། གནས་
ཅི་ཟེར་འཕགས་,ཅི་ཟེར། འཕགས་
ཡུལ་གང་,ཡུལ་ག་
མི་འབབ་པ་སྟེ།,མི་འབབ་སྟེ།
མཛོད་ཅིག་བདག་,མཛོད་ཅིག །བདག་
པ་དང་འདྲ,པ་དང་དྲ
མཁས་པ་རིག་,མཁས་པ། རིག་
བྱེད་པ་འཐབ་,བྱེད་པ། འཐབ་
ནས་གོས་དུར་,ནས་གོས་ངུར་
དུང་ཡི་ག,དུང་ཡིག
གཉིས་འགྲོ,གཉིས་འདྲོ
ཐམས་ཅད་གསོད་,ཐམས་ཅད་སོད་
ཕུག་གམ་བྲག་,ཕུག་གམ། བྲག་
པ་སྦོམ་བོར་,པ་སྦོམ་པོར་
ཏུ་བྱུང་ཞིག,ཏུ་བྱུང་ཤིག
བར་བརྩམས་,བར་བརྩམས་སོ།
འགྱུར་གྱི་ཀུན་,འགྱུར་གྱི། ཀུན་
ལོ་བཅོ་,ལོ་བཅྭ་
བར་གྱུར་བས།,བར་གྱུར་པས།
བྲུབས་ཀྱི་པར་,བྲུབས་ཀྱི་བར་
གིས་ཏེ་གང་,གིས་ཏེ། གང་
རས་སམ་རས་,རས་སམ། རས་
ས་པ་ཀུན་,ས་པ། ཀུན་
མར་གནས་བ་,མར་གནས་པ་
འགྱུར་གྱི་སེན་,འགྱུར་གྱི། སེན་
སུ་དག་བ་,སུ་དག་པ་
ཞིག་གིས་,ཞིག་གི་
ཤིག་གོ་རོལ་,ཤིག་གོ། །རོལ་
ཡིན་གྱི་གང་,ཡིན་གྱིས། གང་
འཕོས་ཏེ་ སེན་,འཕོས་ཏེ་ཡི་དགས་རྣམས་ཀྱི་ནང་དུ་སྐྱེ་བར་འགྱུར་གྱི། སེན་
འཛིན་པ་དང།,འཛིན་པ།
བར་བགྱི་དེ་,བར་བགྱི། དེ་
བསམས་པ་ཞག་,བསམས་པ། ཞག་
ལྟ་བུར་,ལྟ་བུ་
མང་བ་ལོངས་,མང་བ། ལོངས་
ར་,ང་
སྐྱེས་ག་ན་,སྐྱེས་ག་ལ་
བར་བྱེད་པར་འགྱུར།,བར་བྱེད།
སྡོགས་ཤིག་ཚོང་,སྡོགས་ཤིག །ཚོང་
བཞུད་ཅིག་ཉེ་,བཞུད་ཅིག །ཉེ་
བར་བྱེད་སློབ་,བར་བྱེད། སློབ་
མ་ལ་བྲམ་,མ་ལ། བྲམ་
ཤིག་ཅེས་འཕྲིན་,ཤིག་ཅེས་ཕྲིན་
པར་འགྱུར་མ་,པར་འགྱུར། མ་
ག་དྷ་དང་,ག་དང་
གཟར་ནས་བཅོམ་,གཟར་ནས། བཅོམ་
བོས་ཁྱོད་གསད་,བོས་ཁྱོད་བསད་
བརྗོད་པར་,བརྗོད་པ་
ལ།,ན།
བཤམ་པར་,བཤམ་པ་
ཕྱོགས་དང་བྱང་,ཕྱོགས་དང་། བྱང་
ནི་མིང་བོ།,ནི་མིང་པོ།
གཅོད་བ་,གཅོད་པ་
འདྲི་ན་དེ་,འདྲི་ན། དེ་
འབྲས་ཆན་,འབྲས་ཅན་
ཆེན་པོ་བཅད་,ཆེན་པོ་གཅད་
ཁྱོད་ཀྱི་རྗེ་,ཁྱོད་ཀྱི་ཇོ་
་དེ་,།དེ་
པུའི་,བུའི་
༑ གྲོ་,། གྲོ་
སྨྲ་བ་སྨྲ་,སྨྲ་བ། སྨྲ་
གསོད་དང་འཆིང་,གསོད་དང་བཅིང་
བར་,གསང་སྟེ་སྟོན་པར་གསོལ་བ་བཏབ་པ་གང་ཡིན་ཞེས་དྲི་བར་
གསུངས་ནས།,གསུངས་ན།
བདག་གཅིག་,བདག་ཅིག་
་ཚུལ་,།ཚུལ་
པར་རྒྱས་,པར་རྒྱལ་
འདི་ཡང་འདོར་,འདི་ཡང་དོར་
ཞིག་གིས་ སྟོན་,ཞིག་གིས་དེའི་ཚེ་ཚིགས་སུ་བཅད་པ་སྨྲས་པ། སྟོན་
ལམ་གོལ་པ་,ལམ་གོལ་བ་
དར་བྱས་ཆག་,དར་བྱ། ཆག་
གྱུར་གྱིས་གལ་,གྱུར་གྱིས། གལ་
ད་པ་དབུལ་,ད་པ་འབུལ་
དགོངས་པ་ཉེས་,དགོངས་པ། ཉེས་
འདུག་གོ་།,འདུག་གོ། །
ཅན་དེས་བུ་,ཅན་དེས་ཀྱང་ལེགས་པར་གསུངས་པའི་ཆོས་འདུལ་བ་གྱ་ནོམ་པ་འདི་ལྟ་བུ་
དག་གོ་སྡོམ་,དག་གོ། །སྡོམ་
པར་བྱའོ།།༄༅།,པར་བྱའོ།
སེམས་འདི་,སེམས་ནི་
འཚལ་ཏེ་,འཚལ་ཏེ་སྨོན་ལམ་འདི་སྐད་ཅེས། ཇི་ལྟར་གྲི་འདི་རྣོ་བ་རྣོ་བར་གཅོད་
བླངས་པར་,བླངས་པ་
བློ་མཐུན་བར་,བློ་མཐུན་པར་
དེར་དེངས་,དེར་དེང་
དུ་འགྲོའི་,དུ་འགྲོས་
འདུག་གོ་དེའི་,འདུག་གོ། །དེའི་
འདས་རྒྱལ་པོ་,འདས་རྒྱལ་བུ་
བྲེས་པའམ་རྡོ་,བྲེས་པའམ། རྡོ་
ཅེས་སྤྲིངས་,ཅེས་སྤྲིང་
པ་དང་,པ་དག་
ཁྱོགས་,ཕྱོགས་
གང་དག་ ཆོས་,གང་དག་མ་ལྷགས་པ་དག་ཡོད་དོ་སྙམ་དུ་མི་སེམས་ཤིང་། ཆོས་
དེ་རིང་བཞུས་,དེ་རིང་གཞུས་
བ་ཉིད་།,བ་ཉིད། །
པདྨ་,པད་མ་
མཐོང་བའམ་ཐོས་,མཐོང་བའམ། ཐོས་
འཇུག་གོ་བྲམ་,འཇུག་གོ། །བྲམ་
ཞིག་ལམ་ལྡོག་,ཞིག་ལམ་དོག་
དགྲ་འདི་ཡབ་,དགྲ་འདི་ཕ་
འགྲོ,འདྲོ
བུ་,དུ་
བ་དང་དགེ་,བ་དང་། དགེ་
ཐོས་སོ་།,ཐོས་སོ། །
སོར་ཐར་བ་,སོར་ཐར་པ་
སློང་མའི་བྱ་བ་དང,སློང་མའི་དང
བ་སྟེ་དེའི་,བ་སྟེ། དེའི་
བསྐྱེད་ཀྱིས་འདི་,བསྐྱེད་ཀྱིས། འདི་
པ་དང་མདོ་,པ་དང་། མདོ་
ལྡན་པ་འཇིག་,ལྡན་པ། འཇིག་
་གནས་པ་,་གནས་
སྡིག་པའི་ཅ,སྡིག་པའི་ལྟ་བར་སོང་བ་སྐྱེས་པ་སོ་སོར་བསལ་གྱིས་ཚུར་སྤྱོན་ཅ
པའི་ཆོས་བསྟེན་,པའི་ཆོས་སྟེན་
སོ་སོར་ དགེ་,སོ་སོར་ཐར་པའི་མདོ་གདོན་པ་འདོན་པར་བྱེད་ན། དགེ་
ཤིག་གོ་ཡང་,ཤིག་གོ། །ཡང་
སྤྱོན་ཅིག་ཅེས་,སྤྱོན་ཅེས་
འགྱོད་པ་སྐྱེས་པར་,འགྱོད་པར་
བསམས་པ་གལ་,བསམས་པ། གལ་
་གནས་བའི་,་གནས་པའི་
དུ་འྒྲོ,དུ་འགྲོ
དང་མེ་པ་,དང་མེ་བ་
ནོ་ཞེས་སྟོན་,ནོ་ཞེས་བཏོན་
ནི་ཉིན་དབྱར་,ནི་ཉིན་ཞག་གཅིག་གོ། །དབྱར་
༄༅།,འདི་ཁྱེར་ལ་གང་པོས་བསྐུར་བ་ཡིན་ནོ་ཞེས་བྱོས་ཤིག །དེས་དེ་ཁྱེར་ནས་ཇི་ལྟར་གྱུར་པ་དག་སྨྲས་པ་དང་།
པར་བགྱ,པར་བྱ
་ཡང་,་
ལྟག་,ལྷག་
ལེགས་སོ་ལེགས་སོ།,ལེགས་སོ།
པ་སྟེ་གནས་,པ་སྟེ། གནས་
ས་གསོལ་བ་,ས་གསོལ་པ་
རིང་བ་དཔྲལ་,རིང་བ། དཔྲལ་
པ་བསྐོ་,པ་བསྒོ་
གི་,ཀྱི་
ཀླུང་གངྒཱ་,ཀླུང་གང་གཱ་
བྱ་བར་གདགས་,བྱ་བར་བཏགས་
༑སོ་,།སོ་
དྲི་བའོ་།,དྲི་བའོ།། །།
བར་བྱའོ་ཞེས་,བར་བྱའོ། །ཞེས་
ཤི་འཕོས་བ་,ཤི་འཕོས་པ་
རྣམས་བཅོམ་པ་ཞེས་,རྣམས་བཅོམ་ཞེས་
་ཚེ་,།ཚེ་
ཚོར་བ་ཚོར་,ཚོར་བ། ཚོར་
པོའི་ཁ་བ་,པོའི་ཁབ་
སྨྲས་པ་ལྷའི་,སྨྲས་པ། ལྷའི་
རྩ་གསུམ་པ་དང,རྩ་གསུམ་དང
འདི་ནི་,འདི་ན་
རྒྱུར་འདོད་,རྒྱུར་འདོང་
གཉིས་སམ་གསུམ་,གཉིས་སམ། གསུམ་
སྩོལ་ཅིག་དེས་,སྩོལ་ཅིག །དེས་
ན་སྲེད་,ན་སྲིད་
ྐྱལ་,ྒྱལ་
གཤེགས་གསུངས།,གཤེགས་གསུང་།
ལུས་པར་,ལུས་པ་
ཐམས་ཅད་ །,ཐམས་ཅད་མི་འཚེ་བའི་གཞི་ལས་བྱུང་བའོ། །
དུ་གཡེར་,དུ་གཡར་
ལས་ཉེས་བ་,ལས་ཉེས་པ་
ཀྱང་སྐྱུར་,ཀྱང་སྒྱུར་
།,པར་མི་བྱའོ། །
དེ་,ད་
དུ་ཁུག་ཅིག,དུ་ཁུག་ཤིག
པོ་མགུལ་བ་,པོ་མགུལ་པ་
གི་ཀུན་ཏུ་,གི་ཀུན་དུ་
ཉིད་དམ་མུ་,ཉིད་དམ། མུ་
པ་འགྲམ་བ་,པ་འགྲམ་པ་
མིང་མོའུ་,མིང་མཽད་
ཐ་མ་ལ་,ཐ་མ་པ་
ཏེ་བཀླགས་,ཏེ་བཀླག་
དགེ་ལ,དགེ་སློང་ཆེ་གེ་མོ་ཞིག་ལ
མི་འབབས་,མི་འབབ་
ཇི་ལྟ་པ་,ཇི་ལྟ་བ་
ལམ་མཐོང་ངོ་།,ལམ་མཐོང་སྟེ།
འོངས་ན་དེ་,འོངས་ན། དེ་
ཉོན་ཅིག་།,ཉོན་ཅིག །
འདུན་འཚོ་ཁྱོད་བདག་,འདུན་འཚོ་བདག་
བརྡུངས་ཏེ་དགེ་,བརྡུངས་ཏེ། དགེ་
དུ་,སྦོམ་པོར་
ྦར་,ྤར་
ཞིག་ཟད་ གལ་,ཞིག་ཟད་དེ། གལ་
ནས་དབང་,དབང་
པར་བྱ་རྒོལ་,པར་བྱ། རྒོལ་
་མ་,།མ་
ཅིག་འོངས་,ཅིག་འོང་
མ་ཆགས་,མ་ཆག་
ལུད་ཅིག་དེས་,ལུད་ཅིག །དེས་
ངེས་པར་འགྱུར་,ངེས་པར་གྱུར་
པར་འགྱུར།།༄༅། །,པར་འགྱུར། །
ཁོ་བོས་བཞུས་,ཁོ་བོས་གཞུས་
པ་པར་,པ་བར་
མི་བྱ་གོམ་,མི་བྱ། གོམ་
ཆན་,ཚན་
ཆེན་པོ་བ་,ཆེན་པོ་པ་
ཅིང་ཡོན་བསྔོ་,ཅིང་ཡོན་སྔོ་
ཕུ,ཅག་ཤིན་ཏུ
ཁྱེའུ་མོའུ་,ཁྱེའུ་མཽད་
ལྟོས་ཤིག་དེས་,ལྟོས་ཤིག །དེས་
པས་སོང་ཞིག,པས་སོང་ཤིག
བ་མཆིས་པ་མཐོང་,བ་མཐོང་
ཀྱང་ཅི་འཚལ།,ཀྱང་ཅི་དགོས།
ཡ་ནའི་,གྱི་
འག,དག
སྨྲས་པ་འདི་,སྨྲས་པ། འདི་
གིས་དགེ་ དགེ་,གིས་དགེ་སློང་རྣམས་ལ་ཡང་དག་པར་བསྒོ་ནས། དགེ་
གིས་རྡོ་,གིས་རྔོ་
མཚང་འབྲུ་,མཚང་འདྲུ་
བསྲང་སྟེ་ལག་,བསྲང་སྟེ། ལག་
པར་བྱེད་ཁྲོ་,པར་བྱེད། ཁྲོ་
ཅིའི་ཕྱིར་བཟུང་,ཅིའི་ཕྱིར་གཟུང་
གྲི་ཤུགས་,གྲི་ཤུབས་
སྡོམ་ལ་ཁ་,སྡོམ་ལ། ཁ་
གསོན་པོར་,གསོན་པོ་
ལ་ཐེ་ཚོམ་,ལ་ཐེ་ཙོམ་
གྱི་འབྱོར་བ་,གྱི་འབྱོར་པ་
ཟེ་སྐར་རྒྱལ་,ཟེ་སྐར་རྒྱལ་རྒྱལ་
པ་དང་བཟའ་,པ་དང་། བཟའ་
ོ་,ུ་
སྨྲས་པ་འཕགས་,སྨྲས་པ། འཕགས་
བླངས་བར་,བླངས་པར་
བཅད་དེ་དཀྱིལ་,བཅད་དེ། དཀྱིལ་
སམ་རྒྱ་,སམ། རྒྱ་
བསྒྲལ་ལོ་།,བསྒྲལ་ལོ། །
ནི་ཚོར་,ནི་ཚེར་
འདུག་གོ་བྱང་,འདུག་གོ། །བྱང་
པར་སྦྱར་པ།,པར་སྦྱར་བ།
།མཁན་,མཁན་
པ་འགག་རྣམ་,པ་འགག །རྣམ་
བར་བགྱི་འཕགས་,བར་བགྱི། འཕགས་
བྱེད་ཅིག་སྡུག་,བྱེད་ཅིག །སྡུག་
ཁྱོད་ཀྱིས་,ཁྱོད་ཀྱི་ཐ་ན་
ལྷག་པ་ཞེས་,ལྷག་པར་
ེ་དང་ཁྱི,ེ་དང་དེ་ནས་མཚོན་གྱི
ཚངས་པར་,ཚངས་པ་
ཙམ་ནས་,ཙམ་ན་
ཕྲོགས་ན་དེ་,ཕྲོགས་ན། དེ་
་འཕགས་,།འཕགས་
བཏབ་ཅེས་,བཏབ་ཅེ་
འཛུམ་པ་མངོན་,འཛུམ་པ་སྔོན་
ཞུས་ཤིག་ཚེ་,ཞུས་ཤིག །ཚེ་
བར་,པར་
ཀྱང་རུང་ཐག་,ཀྱང་རུང་། ཐག་
ཕྱེ་ཤིག།,ཕྱེ་ཤིག
མཉན་ཡོད་ན་,མཉན་ཡོད་དུ་
ྷམ,་འགྲོ་བྱེད་དང་། བདེན་པ་མ
དེ་ནང་པར་,དེ་ནང་བར་
སྡུག་བསྔལ་པར་,སྡུག་བསྔལ་བར་
སེམས་ཤིང་༄༅།,སེམས་ཤིང་།
འགྱེད་པའམ།,འགྱེད་པ་དང་།
གཤེག་,འཚེག་
ཀོའུ་,ཀཽ་
༑ དེ་,། དེ་
ྩི,ྣམས་འདུལ་བ་ལ་བསླབ་པའི
དང་བཅས་བ་,དང་བཅས་པ་
།ཁ་,ཁ་
་ཏེ,ྟེ
བཟོད་པར་,བཟོད་པ་
བ་སྩོལ་ཏོ།,བ་སྩོལ་ལོ།
རྙེད་པ་འབུལ་,རྙེད་པ་དབུལ་
ལྷམ་སྒྲོག་,ལྷམ་སྒྲོ་
འདོད་པ་བསྟེན་,འདོད་པ་སྟེན་
སླར་མཆིས་,སླར་མཆི་
པར་,བོ་ཅག་གཉིས་ནི་བཅོམ་ལྡན་འདས་ཀྱི་སྤྱན་སྔར་ཚངས་པར་
བཟོ་སྦྱངས་,བཟོ་སྦྱང་
ཡོད་,ཡོན་
ཅང་ཉུང་དུར་,ཅང་ཉུང་ངུར་
བ་དང་མངོན་,བ་དང་། མངོན་
བ་བཞིན་དུ་,བ་བཞིན་
བ་དང་མཆིལ་,བ་དང་། མཆིལ་
ནས་,ན་
ཀྱང་ཀུན་ཏུ་,ཀྱང་ཀུན་དུ་
སྐེགས་དང་ཁུ་,སྐེགས་དང་། ཁུ་
འཚལ་ལོ།།༄༅། །,འཚལ་ལོ། །
བཀུར་ཏོ,བཀུར་རོ
ནི་ཁྱིམ་བ,ནི་ཁྱིམ་ཐབ
གྱིས་ཤིག་ཚེ་,གྱིས་ཤིག །ཚེ་
རབ་ཏུ་འབྱུང་,རབ་ཏུ་བྱུང་
ཀྱིས་གསོལ་པ་,ཀྱིས་གསོལ་བ་
བསྟབས་པས་,བསྟབས་པ་དང་
སངས་རྒྱས་འོངས་,སངས་རྒྱས་བཅོམ་ལྡན་འདས་རྣམས་ཀྱི་ཆོས་ཉིད་ནི་དགེ་སློང་གློ་བུར་དུ་འོངས་
ལ་ནི་།,ལ་ནི་མི་མཐུན་པའི་ཉེར་བསྡོགས་ལས་འགལ་ཚབས་ཅན་དུ་འགྱུར་རོ། །
ཤེས་ལྡན་དག་,ཤེས་ལྡན་
ཏེ་ཤཱཀྱའི་པུའི་,ཏེ་ཤཱཀྱའི་བུའི་
ྖའམ།,ཆའ་འམ།
་སྡངས་,་སྔངས་
ཞེས་སྤྲིང་པ་,ཞེས་སྤྲིང་བ་
ངོས་,ལྡན་འདས་ཀྱི་ཞབས་གཉིས་ལ་མགོ་བོས་
ནི་འཇིགས་བ་,ནི་འཇིགས་པ་
ཡིན་པར་,ཡིན་པ་
གཡར་བལྟམ་པ་ཙམ་གྱི་,གཡར་བལྟམ་གྱི་
དུ་སྲང་གཏོད་,དུ་སྲང་བཏོད་
ལྟུང་བ་དེ་ཆོས་,ལྟུང་བ་ཆོས་
་བཅོམ་,།བཅོམ་
ཕུལ་ཅིག་།,ཕུལ་ཅིག །
ོས་,ིས་
དེ་ལ་ཁྱོད་,དེ་ལ། ཁྱོད་
བྱིན་ཏེ་དེ་གཞལ་,བྱིན་ཏེ་གཞལ་
བྱ་བའོ་།,བྱ་བའོ།། །།
བགྱི་བའི་,བགྱི་བ་
སློང་ཐམས་ས,སློང་ཐམས་ཅད་ཀྱི་ཆོས
ཕྱུ,།དེ་སོས་པར་གྱུ
འདུན་དང་ལྷན་ཅི,འདུན་གྱི
ཁྱོད་ཀྱིས་,ཁྱོད་ཀྱི་
དག་གི་འཁར་,དག་གི་ཁར་
མི་འཁྲུགས་,མི་འཁྲུག་
ཀྱང་དེ་བཞུས་,ཀྱང་དེ་གཞུས་
མ་ཡིན་པ་,མ་ཡིན། ཕ་
བྱིན་,སྦྱིན་
ཡིན་ལ་སྙན་,ཡིན་ལ། སྙན་
དག་བཀྲུས་ཞིང་,དག་བཀྲུས་ཤིང་
གྱུར་ཏམ་མཁན་,གྱུར་ཏམ། མཁན་
བྱེད་ན་དེའི་,བྱེད་ན། དེའི་
ཀླུའམ་གནོད་,ཀླུའམ། གནོད་
པས་བསོད་,པས་བསོད་སྙོམས་རྒྱུས་
ཚུར་ཤོག,ཚུར་ཤེག
གཉུག་མར་ གཉུག་,གཉུག་མར་གནས་པའི་རྣམ་པ་དང་། གཉུག་
་ཤིག་དེ་,་ཤིག །དེ་
བགྱི་བ་ལ་ཟླ་,བགྱི་བ་ཟླ་
དྲི་བར་,དྲི་བ་
པ་ལེན་བའི་,པ་ལེན་པའི་
མཛེས་པ་གསལ་,མཛེས་པ། གསལ་
དབྱུག་,དབྱུ་
མོའི་སྒྲ་བ,མོའི་སྒྲ་དག་ཞི་ཞིང་མི་དག་གིས་བ
འགྱུར་ལ་མངོན་,འགྱུར་ལ། མངོན་
བོས་པའམ་འཕྲལ་,བོས་པའམ། འཕྲལ་
ཅན་དང་,ཅན་དང་ལྡན་པ། ལན་ཀན་གྱིས་བརྒྱན་པ། སྙིང་དང་མིག་འཕྲོག་
བཟེད་ཁས་ཕུབ་,བཟེད་ཁས་བུབ་
བདག་སྨྲས་བདག་,བདག་སྨྲས། བདག་
སེམས་ཏེ་གང་,སེམས་ཏེ། གང་
ན་འབྲས་ཆན་,ན་འབྲས་ཅན་
ཀྱིས་ཟློག་ཅིག,ཀྱིས་ཟློག་ཤིག
འདས་ཀྱི་གནམ་,འདས་ཀྱི་སྣམ་
དག་གིས་ མི་,དག་གིས་སྨྲས་པ། མི་
བསྐོ་སྟེ་གནས་,བསྐོ་སྟེ། གནས་
སངས་རྒྱས་རིག་,སངས་རྒྱས། རིག་
གྱུར་ལ་དེ་,གྱུར་ལ། དེ་
ལྕི་བ་གསར་,ལྕི་བ་སར་
ཙམ་གྱིས་,ཙམ་གྱི་
པ་ལས་ད་,པ་ལས། ད་
མར་བླངས་,མར་བླངས་སོ།
སྐད་ལན་,སྐད་ལན་གཉིས་ལན་གསུམ་
བར་གྱུར་བ་,བར་གྱུར་པ་
ཅི་ཕ་པའམ།,ཅི་ཕ་བའམ།
བུ་དག་ཉེ་,བུ་དག །ཉེ་
མི་བྱའི་ཐམས་,མི་བྱའི། ཐམས་
ཡོལ་བ་བལྟ་,ཡོལ་བ་ལྟ་
བྱུང་སྟེ་བཅོམ་,བྱུང་སྟེ། བཅོམ་
ྒྱིའམ།,གྱིའམ།
རྟག་ཏུ་,རྟག་པར་
སྒྲུབས་ཤིག་།,སྒྲུབས་ཤིག །
ཐུག་པའི་གསུང,ཐུག་པའི་བར་དུ་མཚམས་ཆེན་པོ་གཅད་པར་བཟོད་པ་དེ་དག་ནི་ཅང་མ་གསུང
དེས་དགེ་,དེས་དགེ་སློང་གི་མདུན་དུ་ལྟུང་བ་ཆོས་བཞིན་དུ་ཕྱིར་བྱ་
གཞུག་གོ་དེའི་,གཞུག་གོ། །དེའི་
པ་ལས་ངའི་,པ་ལས། ངའི་
སྩལ་པ་ཧ་,སྩལ་པ། ཧ་
གིས་སོ་ གྲོ་,གིས་སོ་སོ་ནས་སྨྲ་བར་བརྩམས་པ། གྲོ་
དགོས་སོ་།,དགོས་སོ། །
ལྷན་ཅིག་ཏུ་རྩེ་,ལྷན་ཅིག་རྩེ་
ཁྱོད་ལ་ཆོས་གོས་དང་ལྷུང་,ཁྱོད་ལ་ལྷུང་
གཎྜཱི་བརྡུངས་པ་ན་,གཎྜཱི་བརྡུངས་ན་
ཀྱིས་བཞུས་,ཀྱིས་གཞུས་
བུད་མེད་ཀྱི་ཡུལ་མཁས་,བུད་མེད་མཁས་
།བུ་,བུ་
བསྔགས་ཏེ་པོར་,བསྔགས་ཏེ་བོར་
གཉིས་ནས་བཟུང་,གཉིས་ནས་གཟུང་
གཉིས་དེང་,གཉིས་དེར་
བལྟས་ན་ཇི་,བལྟས་ན། ཇི་
སྟོབས་བཅུའི་,སྟོབས་ི་
མོད་ཀྱི་འོན་,མོད་ཀྱི། འོན་
བཞིན་འཚལ་ལོ་,བཞིན་འཚལ་
རྐུན་པ་དག་གང་,རྐུན་པ་གང་
བྱེད་དེ་ཁོ་,བྱེད་དེ། ཁོ་
སོར་ཐར་ དགེ་,སོར་ཐར་པའི་མདོ་གདོན་པ་གདོན་པར་བྱ་སྟེ། དགེ་
ལ་གསོན་བོར་,ལ་གསོན་པོར་
སྐྱེད་བར་,སྐྱེད་པར་
འོངས་སོ་གང་,འོངས་སོ། །གང་
ལང་ངམ་མ་,ལང་ངམ། མ་
དགུར་བཅོ་,དགུར་བཅྭ་
ཡང་ཀུན་ཏུ་,ཡང་ཀུན་དུ་
འདུག་གོ་དེ་,འདུག་གོ། །དེ་
གཤེགས་སུ་གཤེགས,གཤེགས་སུ་གས
པར་རིག་བར་,པར་རིག་པར་
་ཡབ་,། ཡབ་
སམ་སེམས་ཀྱི་བདེ་བ་ལ་,སམ་སེམས་
པའི་འདུས་,པའི་འདུ་
ཁྱེར་བཅོམ་པའམ།,ཁྱེར་བཅོམ་མམ།
བོ་།,བོ། །
ཕུད་དེ་རྒན་,ཕུད་དེ། རྒན་
གང་ཡིན་སློབ་,གང་ཡིན། སློབ་
དྲིས་པ་ཤེས་,དྲིས་པ། ཤེས་
བར་བརྩམ་བརྩམས་,བར་བརྩམས་
པ་འགག་སྲེད་,པ་འགག །སྲེད་
ཅི་ཐོག,ཐོག
་ཁྱ,།ཁྱ
ལུས་ལ་ཡང་,ལུས་ལ་
སོད་ཅིག་ཆིངས་,སོད་ཅིག །ཆིངས་
གི་ལམ་ནས་,གི་ལམ་ལས་
པ་དང་,པ་དང་དེས་དེ་
སུ་ཐར་བ་,སུ་ཐར་པ་
དག་ཁྱོད་,དག་ཁྱེད་
སྩལ་པ་སྐར་,སྩལ་པ། སྐར་
དེ་ཕྱེམ་,དེ་ཕྱེ་
སྟོབས་ཤིག་དེས་,སྟོབས་ཤིག །དེས་
སྤྱོད་ཅིག་སྦྱིན་,སྤྱོད་ཅིག །སྦྱིན་
དང་ནི་།,དང་ནི། །
ལྷའི་བུ་གཡོ་,ལྷའི་བུ་རྣ་ཆ་གདུབ་ཀོར་གཡོ་
།།ལྷག་,་ལྷག་
།དེ་དེ་,།དེ་
ལག་ཁང་བརྩིག་,ལག་ཁང་རྩིག་
༑,། གསང་སྔགས་དང་། སྨན་གྱིས་སོ།
གྱུར་པ་ ཚུལ་,གྱུར་པ་ཉིད་བསྒྲུབ་པ་ལ་ངེས་པར་སྦྱར་བར་བྱ་བ་དང་། ཚུལ་
བཅུག་སྟེ་བདག་,བཅུག་སྟེ། བདག་
མོད་ཀྱི་དབྱར་,མོད་ཀྱི་གཡར་
རིག་,བའི་འཁོར་ལོ་ཆ་ལྔ་པ་གཡོ་བ་དང་མི་གཡོ་བ་འདི་ཉིད་རིག་
སློང་མོ་བ་,སློང་མོ་པ་
བདག་ལ་བརྗོད་,བདག་ལ་རྗོད་
བརྟན་པ་དག་,བརྟན་བདག་
ཁྱོད་འདུག་ཅིག་,ཁྱོད་འདུག་ཤིག་
་ཁྱེད་,།ཁྱེད་
ཅན་ཡིན་ཅིག་,ཅན་ཡིན། ཅིག་
ཙམ་ཞིག་བཞེས་,ཙམ་ཞིག་གཞེས་
གལ་ཏེ་དེས་བླངས་,གལ་ཏེ་བླངས་
དུ་མཁན་བོས་,དུ་མཁན་པོས་
ཡིན་ལ་ངེད་,ཡིན་ལ། ངེད་
ལེགས་སོ་འོངས་,ལེགས་སོ། །འོངས་
དེ་ཐར་པར་,དེ་ཐར་བར་
༑གྲོ་,།གྲོ་
གཤེགས་པ་དགྲ་བཅོམ་པ་ཡང་,གཤེགས་པ་ཡང་
དེ་དག་།,དེ་དག་གཅིག་གིས་གཅིག་མི་མཐོང་བ་དེ་ལྟར་བྱིན་གྱིས་བརླབས་སོ། །
བཅས་པའི་ རྗེད་,བཅས་པའི་ལྷ་རྣམས་ཀྱིས་མཆོད་པར་བྱ་བ་དང་། རྗེད་
སུ་འདོང་པ་,སུ་འདོང་བ་
སྩལ་པས་འཛལ་,སྩལ་པས་མཇལ་
བར་བྱེད་ལ་,བར་བྱེད། ལ་
པ་དང་སྔོན་,པ་དང་། སྔོན་
པ་དང་བཅོམ་,པ་དང་། བཅོམ་
སྙམ་ནས་དབྱེན་,སྙམ་ནས། དབྱེན་
ནས་དེའི་,ནས་དེས་
འཕྱས་བྱེད་ཁ་,འཕྱས་བྱེད། ཁ་
པར་བསྙད་པར་བྱའོ,པར་བྱའོ
།རྩ་ལག་,།རྩ་བ་
།,པ་བདག་རབ་ཏུ་འབྱུང་བར་འཚལ་ལོ། །
།ཉམས་,ཉམས་
དུས་,བུས་
རྩ་དགུ་བཞེས་,རྩ་དགུ་པ་ཞེས་
གྱུར་ཅིག་ཞུ་,གྱུར་ཅིག །ཞུ་
ཚུར་མྖིའམ།,ཚུར་མཆིའམ།
ེན་,ན་
ན་ལོན་པ་དེ་,ན་ལོན་ཏེ་
བར་,ར་
་ནས་དགེ་,་ནས། དགེ་
གསོལ་ཏེ་ཝཱ་,གསོལ་ཏེ་བཱ་
རིའི་བུའི་ཕྱི་,རིའི་བུའི་ཕྱི་བཞིན་ཕྱི་
གནས་པ་ དེ་,གནས་པ་ཆེས་མང་བ་དག་ལྷགས་ན། དེ་
ས་ནས།,ས་ན།
ལགས,ས
ཤེས་ སློབ་,ཤེས་ལྡན་ཁྱོད་ཀྱི་ཆོས་ཀྱི་ཚུལ་ནི་གང་ཡིན། སློབ་
བ་དག་ གང་,བ་དག་མ་བསྐྱེད་པ་ནི་བསྐྱེད་པར་བྱ། གང་
དག་གམ།,དག་དང་།
ལས་བགྱ,ལས་བྱ
ཁྱམས་དང།,ཁྱམས་སམ།
ཡིན་ནམ་འདི་,ཡིན་ནམ། འདི་
རྟའི་,རྟ་
མཛོད་ཅིག་དེ་,མཛོད་ཅིག །དེ་
ཉོན་ཅིག་མ་,ཉོན་ཅིག །མ་
ཏེ་བསྐོན་དཔུང་,ཏེ་བསྐོན། དཔུང་
དགེ་སློང་,དགེ་སློབ་
ལྔེས་,ལྡེས་
ཁྱོད་ཚུར་ཤོག་ཞེས་,ཁྱོད་ཚུར་ཞེས་
བར་དཀའོ་།,བར་དཀའོ། །
ཞེས་སྨྲོས་,ཞེས་སྨོས་
ཡང་རུང་མང་,ཡང་རུང་ཉུང་
ཆོས་ལྔ་ བསྙེན་,ཆོས་ལྔ་པོ་དེ་དག་དང་ལྡན་པས་རབ་ཏུ་དབྱུང་བར་བྱ། བསྙེན་
་བགྱིད་བ་,་བགྱིད་པ་
ཨརྐའི་,ཨརྒའི་
བརྗོད་,སུ་དག་པ་བརྗོད་ཅིག །བརྗོད་
ཚབ,ལྷམ་བཅང་བར་མི་བ
་ང་,ང་
པར་བྱ་གནས་,པར་བྱ། གནས་
རྒན་ཞུགས་ཤིག་,རྒན་ཞུགས་ཞིག་
ུ་རྡུང་པར་,ུ་རྡུང་བར་
དུ་གསོལ་བསྙེན་,དུ་གསོལ། བསྙེན་
སྦྱོང་,སྦྱིན་
ལང་འཇུག་ཤིང་,ལང་འཇུག །ཤིང་
ཤེས་ལ་ཇི་,ཤེས་ལ་ཅི་
སྐྱེས་པ་འདི་,སྐྱེས་པ། འདི་
སྡེ་ལ་བཟོ་,སྡེ་ལ་གཟོ་
བ་སྐྱེད་,བ་སྐྱེས་
དག་བྱེད་བ་,དག་བྱེད་པ་
པ་ལ་བསྟད་,པ་ལ་གཏད་
སྲོག་ཆགས་ཐམས་,སྲོག་ཐམས་
མ་ལྷགས་བ་,མ་ལྷགས་པ་
གུ་སྐམ་ཁ་,གུ་སྐམ་ཀ་
པ་འགག་སྲིད་,པ་འགག །སྲིད་
འོ་སྐོལ་,སྐོལ་
སྦྱར་བར་བྱའོ,སྦྱར་བའོ
་བཙུན་,། བཙུན་
བྱ,ག་དགེ་སྦྱ
གྲག་གོ་དེ་,གྲག་གོ། །དེ་
ང་གང་,ང་
པ་ཡིན་ནོ་སྙམ་,པ་ཡིན་སྙམ་
ྦྱ,་དང་། སྤྲིན་མེད་དང་། བསོད་ནམས་སྐྱེས་དང་། འབྲས་བུ་ཆེ་དང་། མི་ཆེ་བ་དང་། མི་གདུང་བ་དང་། གྱ་ནོམ་སྣང་བ་དང་། ཤིན་དུ་མཐོང་བ་དང་། འོག་མིན་གྱི་ལྷ་རྣམས་ཀྱི་ནང་དུ་སོང་ནས་མི་རྟག་པ་དང་། སྡུག་བསྔལ་བ་དང་། སྟོང་པ་དང་། བདག་མེད་པའི་དབྱངས་སྒྲོག་ཅིང་ཚིགས་སུ་བཅད་པ་འདི་གཉིས་ཀྱང་བསྒྲགས་སོ། །བརྩམ་པར་བྱ་ཞིང་འབྱུང་བར་བྱ། །སངས་རྒྱས་བསྟན་ལ་འཇུག་པར་བྱ
ཀྱང་གྲག།,ཀྱང་གྲག
བཀའ་སྩལ་བ།,བཀའ་སྩལ་པ།
ནི་,ན་
བསྐྱང་དགའ་,བསྐྱང་དཀའ་
སྟེ།,ཏེ།
དུ་སོང་ཞིག,དུ་སོང་ཤིག
དང་ལྡན་,དང་ལན་
མ་བཟད་,མ་བསད་
༑དེ,།དེ
བས་སྤགས་,བས་སྦགས་
ཁ་སྤུ་འད,ཁ་སྤུ་ད
བྱིན་པར་,བྱིན་པ་
དགེ་སློང་དག་གིས་,དགེ་སློང་གིས་
དག་གི་གྲོང་,དག་གི། །གྲོང་
གྲལ་དུ་འཐབ་,གྲལ་དུ་ཐབ་
དེ་དང་,དེ་དེ་
དགྲ་བཅོམ་གས,དགྲ་བཅོམ་བས
ཀྱི་བསླབ་བ་,ཀྱི་བསླབ་པ་
ཡོད་དེ་ཁྱོད་,ཡོད་དེ། ཁྱོད་
མོ་ལ་དབྱར་,མོ་ལ་གཡར་
སུ་འབྲེང་,སུ་འབྲང་
བྱེད་ལ་གལ་,བྱེད་ལ། གལ་
གཏོགས་པར་,གཏོགས་པས་
དེས་དུ་,དེས་ངུ་
ནི་བཅོ་,ནི་བཅྭ་
ཁྱེར་ཅིག་དེ་,ཁྱེར་ཅིག །དེ་
ཏུ་ཕྱུང་,ཏུ་བྱུང་
བ་ཇི་,བ་ཅི་
པའི་རྣམ་པ་,པའི་རྟགས་
བ་དེར་དོང་,བ་དེར་སོང་
བར་བྱེད་དགའ་,བར་བྱེད། དགའ་
་མཚུངས་།,་མཚུངས། །
མཛོད་ཅིག་འདི་,མཛོད་ཅིག །འདི་
དུ་འགྱུར་༄༅།,དུ་འགྱུར་རོ།
སེམས་ཏེ་དགེ་,སེམས་ཏེ། དགེ་
སྐྱེས་བུ་འདུལ་,སྐྱེས་བུ་གདུལ་
མེད་པ་ལྷ་,མེད་པ། ལྷ་
ནི་སྲོལ་གཏོད་,ནི་སྲོལ་བཏོད་
་ལྷག་,། ལྷག་
དབྱུང་བར་,དབྱུང་བ་
ཚུར་ཤོག་,ཚུར་ཤེག་
སྙམ་ན་དེ་,སྙམ་ན། དེ་
བ་མང་པར་,བ་མང་བར་
བ་བཏུང་,བཏུང་
དགེ་སློང་,དགེ་སྦྱོང་
ཐམས་ཅད་ཀྱི་,ཐམས་ཅད་ལ་
དེ་,པ་དག་འདུག་ཅིང་མཐུན་པར་གྱུར་པ་ན། དེ་
དུ་འཁོར་,དུ་འཁོད་
ལས་དང་ །,ལས་དང་དགོན་པ་ཡི། །
དུ་བཟླས་མཁན་,དུ་བཟླས། མཁན་
གཏུགས་དེས་,གཏུགས་པར་འགྱུར་རོ་ཞེས་ཟེར་རོ་ཞེས་གསུང་ཤིག །དེས་
ཡུལ་ལམ་སྤྱོད་,ཡུལ་ལམ། སྤྱོད་
བོས་འདི་བཞུས་,བོས་འདི་གཞུས་
བསད་དེ་ཁྲག་,བསད་དེ། ཁྲག་
སྦྱོང་བྱ་,སྦྱོང་བྱ་ཞིང་སོ་སོར་ཐར་པའི་མདོ་གདོན་
བྱེད་དེ་རྩེ་,བྱེད་དོ། །རྩེ་
ྩོ,་གོ
མོད་ཀྱི་འདི་,མོད་ཀྱི། འདི་
ཅག་ལེ་,ཅག་ལོ་
པར་བྱེད་པ་ན།,པར་བྱེད་ན།
སྤྱོད་ཀྱིས་,སྤྱོད་ཀྱི་
མཐོང་ནས་ཅིག,མཐོང་ནས་དེས་དེ་ལ་སྨྲས་པ། བསོད་སྙོམས་པ་པགས་པ་ཁོ་བོ་ལ་བྱིན་ཅིག
སུ་དག།,སུ་དག
ཤོད་ཀྱི་ས་,ཤོད་ཀྱིས་
པ་སྟེ་ལོ་,པ་སྟེ། ལོ་
པར་,པ་
ཆེན་པོ་བཤིག་,ཆེན་པོ་གཞིག་
སྔ་མ་ །,སྔ་མ་དག་ལ་ཡང་འགལ་ཚབས་ཅན་དུ་མི་འགྱུར་རོ། །
ཚུར་སྦྱོན་,ཚུར་སྤྱོན་
སྙིང་པོ་ལ་ལྷ་,སྙིང་པོ་ལྷ་
བྱས་ཏེ་དགེ་,བྱས་ཏེ། དགེ་
པ་ཚོལ་པ།,པ་ཚོལ་བ།
སློང་གི་གན,སློང་གི་ན
གཟིགས་སོ་།,གཟིགས་སོ། །
འདི་ལ་འཁུར་,འདི་ལ་ཁུར་
ྲང་,ང་
ཅིག་དམ་བཞག་,ཅིག་དམ་ཞག་
་ལྔ་པ་ཡིན་,་ལྔ་ཡིན་
དེ་ཕན་ །,དེ་ཕན་ཆད་ནི་མཐའ་འཁོབ་བོ། །
འབབ་ཏུ་,འབབ་དུ་
བཞིས་ནི་ཁྲི་,བཞིས་ཁྲི་
༑ ཀུན་,། ཀུན་
ཞུགས་ཡི་,ཞུགས་མི་
སྟེ་ངལ་བསོ་,སྟེ་ངལ་སོ་
མཚན་མའམ་ཤིང་,མཚན་མའམ། ཤིང་
་གལ་,། གལ་
་འདིར་,།འདིར་
གཡོག་བྱེད་བ་,གཡོག་བྱེད་པ་
ཏུ་མི་ བཙུན་,ཏུ་མི་འབྱིན་ཏམ། བཙུན་
པའི་གསོལ་པས་,པའི་གསོལ་བས་
གཏན་བྱེད་༄༅།,གཏན་བྱེད།
་མི་,། མི་
བཞག་གོ་ཅི་,བཞག་གོ། །ཅི་
སུ་འགྲོའོ་,སུ་འགྲོ་
ཆོག,ཅོག
སོར་ཐར་བའི་,སོར་ཐར་པའི་
འདི་དག་གི,འདི་དག་ནི
བཞག་གོ་།,བཞག་གོ། །
གིས་སྨྲས་༄༅།,གིས་སྨྲས་པ།
༑ སྤྲུལ་,། སྤྲུལ་
གཟོན་ཅིག་།,གཟོན་ཅིག །
དགེ་སློང་ཏུ་,དགེ་སློང་དེས་རང་གི་སྟན་ལ་འདུག་ལ་སེམས་འདི་ལྟར་བསྐྱེད་ཅིང་ཚིག་ཏུ་
བགྱིད་པ་མཚང་,བགྱིད་པ། མཚང་
ཏེ་ཕྱིར་ཕྱུང་,ཏེ་ཕྱིར་བྱུང་
བྱེད་དུ་གཞུག་,བྱེད་དུ་བཅུག་
སྨྲས་པ་བཙུན་,སྨྲས་པ། བཙུན་
པར་བྱའོ་།,པར་བྱའོ། །
ཆེ་བ་མཐུ་,ཆེ་བ། མཐུ་
བྱོས་ཤིག་ཀ་,བྱོས་ཤིག །ཀ་
ཏེ་ལྷས་མི་གནང་,ཏེ་ལྷས་གནང་
ལྤགས་གཞི་།,ལྤགས་གཞི། །
པ་དང་གཉུག་,པ་དང་། གཉུག་
སྐད་ཅེས་བདག་,སྐད་ཅེས། བདག་
།,གསོ་སྦྱོང་གཞི་དང་ནི། །
བྱིན་ཅིག་བསོད་,བྱིན་ཅིག །བསོད་
འགལ་ཚབས་ཙན་,འགལ་ཚབས་ཅན་
ཅུང་,ཆུང་
ཏུ་སོན་བ་,ཏུ་སོན་པ་
ཧུད་ཟེར་བ་,ཧུད་ཟེར་
ལ་ཉུག་བར་,ལ་ཉུག་པར་
བཞིན་ཏེ་ཇི་,བཞིན་ཏེ། ཇི་
དུ་འགྲོའི་,དུ་འགྲོའོ་
སྡིག་པའི་ དགེ་,སྡིག་པའི་ཆོས་ཅན་དུ་གྱུར་ནས། དགེ་
ཆུད་གསན་,ཆུད་གཟན་
་འོན་,། འོན་
དཔེར་ན་བདག་,དཔེར་ན། བདག་
སྨྲས་པ་བྲམ་,སྨྲས་པ། བྲམ་
འགྱུར་གྱིས་ཤེས་,འགྱུར་གྱིས། ཤེས་
ཕྱེད་དང་རྒྱང་,ཕྱེད་དམ། རྒྱང་
ནམ་ཉི་མ་,ནམ་ཉི་
གནས་ཏེ་ཚེ་,གནས་ཏེ། ཚེ་
གང་ཡིན་ཚངས་,གང་ཡིན།ཚངས་
འི་,་
བཞག་གོ་།,བཞག་གོ།། །
དུ་གཉེར་པ་,དུ་གཉེར་བ་
བདག་ཉིད་ལ་ཡུན་,བདག་ཉིད་ཡུན་
མཐོང་བས་མཁན་,མཐོང་བས། མཁན་
བ་བྱི་,བ་བྱེ་
ཡང་གསོལ་བ་,ཡང་གསོལ་པ་
ན།,བགྱི་བའི་ཡུལ་གྱི་མཐའ་གནས་པ་ཞེས་བགྱི་བའི་གྲོང་ན།
ཨུ་དུམ་ཝཱ་,ཨུ་དུམ་བཱ་
ཅིང་ཟླ་ དྲི་,ཅིང་ཟླ་མཚན་དང་ལྡན་པ་དང་། དྲི་
རབ་ཏུ་བྱུང་,རབ་ཏུ་འབྱུང་
པ་དང་འབྲུ་,པ་དང་། འབྲུ་
ལོང་ལ་རྩོད་,ལོང་ལ་ཚོད་
བཅོམ་,པར་བྱེད་ནས། བཅོམ་
བྲན་མོ་ལ་དབྱར་,བྲན་མོ་གཡར་
པ་མོའུ་ད,པ་མཽད
ཆག་གདབ་བར་,ཆག་གདབ་པར་
ནས་བསུར་ དེ་,ནས་བསུར་དོང་ན་ཅང་མ་མཐོང་སྟེ། དེ་
མཉམ་པ་ནམ་,མཉམ་པ། ནམ་
འོངས་པ་ གཉུག་,འོངས་པ་དང་། གཉུག་
དགེ་སློང་གཅིག་,དགེ་སློང་ཞིག་
ཉིད་དམ་དགེ་,ཉིད་དམ། དགེ་
འདེབས་ཏེ་འཕགས་,འདེབས་ཏེ། འཕགས་
སྩལ་པ་༄༅།,སྩལ་པ།
བདེ་བ་ལོ་,བདེ་བ། ལོ་
པོ་ལགས་ལྷོ་,པོ་ལགས། ལྷོ་
་བྱེད་མཆོད་,་བྱེད། མཆོད་
གྱུར་ཅིག་དེ་,གྱུར་ཅིག །དེ་
པ་དག་།,པ་དག །
བསྟོད་དོ་།,བསྟོད་དོ། །
ལྡན་འདས་ཞེས་,ལྡན་འདས་ཀྱིས་དགེ་འདུན་གྱིས་གསོ་སྦྱོང་གི་གནས་ལ་བློ་མཐུན་པར་བྱའོ་ཞེས་
ུམ་,་
བས,པས
༑ སྐྱེ་,། སྐྱེ་
བ་བཀླགས་,བ་བླགས་
སུ་མཆིའོ་།,སུ་མཆིའོ། །
སྐྱེས་སློང་ཞིག,སྐྱེས་སློང་ཤིག
གསོད་དུ་འཇུག་,གསོད་དུ་བཅུག་
བ་སར་བས་,བ་སར་པས་
དག་གོ་ཡོངས་,དག་གོ། །ཡོངས་
དག་མོའུ་,དག་མཽད་
དག་དང་ཕྱགས་,དག་དང་། ཕྱགས་
་ཁྱིམ་,།ཁྱིམ་
སྐྱེས་བ་,སྐྱེས་པ་
ཏོག་གསུམ་པའོ།,ཏོག་གསུམ་མོ།
དགེ་འདུན་དང་ལྷན་ཅི,དགེ་འདུན་གྱི
གཉིས་དེང་ཞིག,གཉིས་དེང་ཤིག
རྒྱལ་འདི་མགྲོན་,རྒྱལ་འདི་འགྲོན་
གྱིས་ཤིག་དེ,གྱིས་ཤིག །དེ
སྨྲོས་ཤིག་དགག་,སྨྲོས་ཤིག །དགག་
དག་ལའང་,དག་ལ་ཡང་
བ་དང༑ འབྲུའི་,བ་དང་། འབྲུའི་
རྩུབ་པ་ཆེ་,རྩུབ་པ་ཚ་
པ་ལས་དེ་,པ་ལས། དེ་
བཤ,ཤ
པའི་མཚན་ །,པའི་མཚན་མ་བརྟན་པོ་བརྗོད་པར་བྱའོ། །
དགེ་སློང་ གཉུག་,དགེ་སློང་གནས་པ་དང་། གཉུག་
ཞིག་,ཤིག་
འཇུས་ཏེ་དུ་,འཇུས་ཏེ་ངུ་
སྨྲས་པ་སྡིག་,སྨྲས་པ། སྡིག་
ན་ནམ་ལངས་,ན་ནམ་ནངས་
ཡོ་བྱང་,ཡོ་བྱད་
གཞོན་ནུ་མེའི་,གཞོན་ནུ་སྐྱེས་ནས་རིང་པོ་མ་ལོན་པ་ཞིག་གི་ལུས་ལ་ཉིན་མོ་བྱེ་མ་མེའི་
་ཤིག་དགེ་,་ཤིག །དགེ་
དྲི་,སྦྱིན་ནམ། དྲི་
བྱུང་ངམ་བཙུན་,བྱུང་ངམ། བཙུན་
རྒལ་དུ་འཛེག་,རྒལ་དུ་དུ་གཟེག་
ཟེའི་ཁྱེའུ་ལ་,ཟེའི་ཁྱེའུ་ཉེ་རྒྱལ་དང་པང་ནས་སྐྱེས་གཉིས་ཀ་ཏྱའི་བུ་ནོག་ཅན་ག་ལ་
འདུག་པའི་མདུན་,འདུག་པའི་འདུན་
ན་སོང་ཞིག་,ན་སོང་ཤིག་
༑ ལུས་,། ལུས་
་ཤིག་དེས་,་ཤིག །དེས་
གཞི་འགག་ཀུན་,གཞི་འགག །ཀུན་
འབུལ་ལོ་།,འབུལ་ལོ། །
པ་ཡིན་ལ།,པ་ཡིན་ན།
སྤྱོད་ཅིག་།,སྤྱོད་ཅིག །
མི་བཀྲེ,མི་སྦྲེ
དག་པར་,དག་པ་
ལག་,འགྲེང་སྟེ། ལག་
དུ་ཆུག་ཅིག,དུ་ཆུག་ཤིག
མི་འགྱུར་དེ་,མི་འགྱུར། དེ་
རྟོག་བས་,རྟོག་པས་
སྟོན་ཅིག།,སྟོན་ཅིག
བྱིན་ཅིག་།,བྱིན་ཅིག །
པ་དག་མོད་,པ་དག་ཡོད་
ཅག་འཕངས་,ཅག་འཕགས་
ཆེས་ཉུང་དུ་,ཆེས་ཉུང་བ་
བུ་དང་ལོ་,བུ་དང་། ལོ་
འདུག་གོ་ཕྱོགས་,འདུག་གོ། །ཕྱོགས་
སེན་,སེ་
དཔོན་ནམ་མཁན་,དཔོན་ནམ། མཁན་
ནས་ཐེ་ཚོམ་,ནས་ཐེ་ཙོམ་
ཡིན་གྱིས་བདག་,ཡིན་གྱིས། བདག་
ནས་,ས་
ཀྱི་,གི་
ཚེས་བཅོ་,ཚེས་བཅྭ་
འཕགས་པའི་,འཕགས་པ་
དེ་འཕྲུལ་,དེ་འཁྲུལ་
རིའི་,རི་
གུར་གུམ་,གུར་ཀུམ་
བྲལ་,དྲལ་
ནས་འོངས་,ནས་འོང་
༑ གལ་,། གལ་
སྙམ་ནས་དེ་,སྙམ་ནས། དེ་
ཉོན་ཅིག་༄༅། །,ཉོན་ཅིག །
བྱས་ཏེ་ཆས་,བྱས་ཏེ། ཆས་
སྤྲོའོ་,སྤྲོ་
རྟིང་,སློང་གློ་བུར་དུ་འོངས་པ་དག་གི་ཁར་བའི་སྒྲ་དང་། རྟིང་
ཀྱིས་ལས་ཅི་,ཀྱིས་ལས་ཇི་
པ་ལགས་སོ་ཞེས་,པ་ལགས་ཞེས་
ལགས་ན་དེས་,ལགས་ན།དེས་
མི་འདོང་དེ,མི་འདོང་། དེ
དང་རིམས་,དང་། རིམས་
བག་ཡོངས་,བག་ཡངས་
དོན་མཐུན་པ་བསེལ་,དོན་མཐུན་བསེལ་
ེལ་,ལ་
ཅི་འདི་,འདི་
བཅུག་གོ་དེ་,བཅུག་གོ། །དེ་
གསོལ་ན་དེའི་,གསོལ་ན། དེའི་
བསམས་པ་གང་,བསམས་པ། གང་
ཞིག་ཀུན་ཏུ་,ཞིག་ཀུན་དུ་
སྩལ་ནས་དེ་,སྩལ་ནས། དེ་
བསམས་པ་སྡིག་,བསམས་པ། སྡིག་
དཔྱ་ཕང་,དཔྱ་ཕབ་
བསྒྲུབས་,སྒྲུབས་
ཆོད་ཅིག་དེ་,ཆོད་ཅིག །དེ་
དུ་བྱའི་,དུ་བྱས་
།དགྲ་,དགྲ་
སུ་བསྒྲུབ་བར་,སུ་བསྒྲུབ་པར་
བཟོ་,གཟོ་
བྱུང་ལ་ཟང་,བྱུང་ལ། ཟང་
པ་སྤོམ་,པ་སྦོམ་
བར་བྱ་བསྙེན་,བར་བྱ། བསྙེན་
བུར་གྱུར་བ་,བུར་གྱུར་པ་
ས་,ཐའ་
འདུག་ནས་བྲམ་,འདུག་ནས། བྲམ་
ལོ་ །,ལོ་མའི་ཚོགས་དག་གིས་བཀང་བ་དག་ཡིན་ནོ། །
སྦྱོང་,སློང་
ཐོགས་པའམ་གཅིག་,ཐོགས་པའམ། གཅིག་
ཉེར་བ་སྡོགས་,ཉེར་བསྡོགས་
འབུལ་ན་དགེ་,འབུལ་ན། དགེ་
་ཤོག་ཅིག,་ཤོག་ཤིག
མོ་དང་འཐ,མོ་དང་། ཐ
ྐོ,ྒོ
ལྟ་སྟེ་མཛེ་,ལྟ་སྟེ། མཛེ་
མེད་ལ་མེད་,མེད་ལ། མེད་
ཉེ་ལྔ་པའི་,ཉེ་ལྔའི་
ངན་སྨྲས་པས,ངན་སྨྲས་ས
པ་,ཆད་
་ཀྲིས་,་ཀཱིས་
འདས་ཀྱིས་,འདས་ཀྱི་
༑ ཁུར་,། ཁུར་
ལྡན་པ་དག་ཁོ་,ལྡན་པ་ཁོ་
གཟེངས་,གཟངས་
་དང་གྲི་,་དང་། ཁབ་
ཡང་ལགས་སྐྱེས་,ཡང་ལགས། སྐྱེས་
མྱ,ནྱ
བོའི་སྲིད་,བོའི་སྲིང་
དེས་ན་,དེས་
འབབ་པའམ་འབབ་,འབབ་པའམ། འབབ་
ཐོགས་ཏེ་དོ་,ཐོགས་ཏེ། དོ་
དུས་སྟོང་,དུས་སྟོན་
ྐྱ,་མི་བྱའོ། །དགེ་སློང་གིས་མི་ཤ་ཟོས་ན་ལྟུང་བ་སྦོམ་པོར་འགྱུར་རོ། །གཞན་ཡང་ངས་དགེ་འདུན་གྱ
ཡིན་གྱི་གཉིས་,ཡིན་གྱི། གཉིས་
ཚོགས་གང་དག་ཡིན་,ཚོགས་གང་ཡིན་
འདུག་པའི་འདུན་,འདུག་པའི་མདུན་
བུ་མོ་དབུལ་,བུ་མོ་འབུལ་
མཛེས་པ་བལྟ་,མཛེས་པ། བལྟ་
ེ་,ོ་
ཐུར་དོང་པ་,ཐུར་དོང་བ་
བྱས་པ་གནོད་,བྱས་པ། གནོད་
་ཉལ་,འོ། །ཉལ་
པར་གྱུར་པ་,པར་གྱུར་
མ་རྣམས་ནི་,མ་རྣམས་ཀྱི་
དཔྲལ་,འཕྲལ་
མ་ཡིན་འགྲོ་བའི་མ་ཡིན་ཞེས་,མ་ཡིན་ཞེས་
རྗོད་ཅིག་ཞིབ་,རྗོད་ཅིག །ཞིབ་
སོར་རྡུམ་རྒུར་,སོར་རྡུམ་སྒུར་
ྲས་,ས་
རབ་ཏུ་ཕྱུང་,རབ་ཏུ་དབྱུང་
་ཏེ།,ྟེ།
།དེས་,།གལ་ཏེ་མ་བྱིན་ན་འདི་ཁོ་བོའི་ཆུང་མར་བྱིན་ཅིག །དེས་
རྒྱལ་པོའི་,རྒྱལ་པོ་
བསྙེངས་ཤིག་དེས་,བསྙེངས་ཤིག །དེས་
བསྟན་པའོ་།,བསྟན་པའོ།། །།
ཞེས་ཟེར་ཏེ།,ཞེས་ཟེར་ན།
སྨྲོས་ཤིག་མ་,སྨྲོས་ཤིག །མ་
གྱིས་བྱུང་ཞིག,གྱིས་བྱུང་ཤིག
ཡིན་ནམ་གལ་,ཡིན་ནམ། གལ་
ནས་སྐྱེས་ཇི་,ནས་སྐྱེས་ཅི་
བགྱིད་པར་,བགྱིད་པ་
རྒྱལ་པོས་,རྒྱལ་པོ་
རྩོམ་པས་,རྩོམ་པ་
སྨྲས་པ་༄༅།,སྨྲས་པ།
དེའི་སྐུ་མཛེས་,དེའི་སྐུ་འཛེས་
་དེ་,་ད་ལྟ་
གདོན་པ་ དེའི་,གདོན་པ་འདོན་པར་བྱེད་པ་ལས། དེའི་
བར་དམ་བཅས་,བར་དམ་འཆའ་
ཀྱི་རྙེད་བ་,ཀྱི་རྙེད་པ་
ལེགས་སོ་ །,ལེགས་སོ་ལེགས་སོ། །
སྨྲས་པས།,སྨྲས་པ།
བསམས་པ་༄༅།,བསམས་པ།
སྲོག་གི་པར་,སྲོག་གི་བར་
བྱ་བ་ཅུང་,བྱ་བ་ཆུང་
ཀྱིས་,གྱིས་
བུའི་བསམས་,བུའི་བསམ་
བར་བྱེད་རེས་,བར་བྱེད། རེས་
འཁོར་བར་སོང་,འཁོར་བར་དོང་
ཏུ་དོགས་པ་ལ།,ཏུ་དོགས་ལ།
སྨྲས་པ་མཁན་,སྨྲས་པ། མཁན་
བགྱི་བས་ལྟུང་,བགྱི་བས། ལྟུང་
།སྦྱིན་,སྦྱིན་
གཉིས་པ་བཏང་,གཉིས་པ་གཏང་
ཏུ་ཡང་བརྗོད་,ཏུ་ཡང་རྗོད་
ཕ་དང་ ཡབ་,ཕ་དང་ལྷན་ཅིག་རིག་བྱེད་འདོན་པར་བྱེད་པ་ན་སྨྲས་པ། ཡབ་
་གམ་པ་,་གམ་བ་
སྲོག་དང་བྲལ,སྲོག་དང་ཕྲལ
ལ་ཐུག་པ་ན་,ལ་ཐུག་ན་
པའམ་ལགས་,པའམ། ལགས་
པ་དང་བསྙེན་,པ་དང་། བསྙེན་
རྒྱས་,དུ་གསོ་སྦྱོང་གི་གཞིར་ཇི་སྐད་བསྟན་པ་དེ་བཞིན་རྒྱས་
གི་དངོས་,གི་དངོས་པོར་འགྱུར་བའི་བར་
ཡིན་ནམ་དེ་,ཡིན་ནམ། དེ་
ལ་དམར་,ལ་མར་
བུ་དག་ལྔ་,བུ་དག །ལྔ་
ལྟར་རིན་,ལྟར་རན་
ཡིན་ཏེ་ཐམས་,ཡིན་ཏེ། ཐམས་
འོངས་ཏེ་གླང་,འོངས་ཏེ། གླང་
རེག་བྱེང་,རེག་བྱེད་
འཕགས་སོ་།,འཕགས་སོ། །
ཤིང་ཀུན་ཏུ་,ཤིང་ཀུན་དུ་
བགྱིད་ན་གལ་,བགྱིད་ན། གལ་
ཅག་དག་,ཅག་ངག་
དེར་གཅིས་,དེར་གཅི་
བསྟབས་པ་ གནས་,བསྟབས་པ་དང་། གནས་
ལ་ལྷན་ བདག་,ལ་ལྷན་ཅིག་རྩེ་རྩེ་བ་ལགས་ཏེ། བདག་
སྤངས་སོ་།,སྤངས་སོ། །
་དགེ་,། དགེ་
ཕྱོགས་དེའི་,ཕྱོགས་དང་ཡུལ་ཐ་དད་པ་ན་འཁོད་པའི་དགེ་སློང་དག་གནས་ཤིང་དེའི་
།མཐོལ་ཤིང་,།མཐོལ་ཞིང་
སྨྲོས་ཤིག་དེ་,སྨྲོས་ཤིག །དེ་
ལགས་ཏེ་གལ་,ལགས་ཏེ། གལ་
མོད་ཀྱི་གང་,མོད་ཀྱི། གང་
བྱེད་དེ་ཉན་,བྱེད་དེ། ཉན་
་མི་,།མི་
མ་སུན་བྱུང་,མ་སུན་ཕྱུང་
ཤི་མཐོང་ཞིང་རྒ་,ཤི་མཐོང་། རྒ་
པའི་ཀུན་ཏུ་,པའི་ཀུན་དུ་
དུ་འདུག་པར་གྱུར་ཀྱང་,དུ་འདུག་ཀྱང་
གིས་གྲལ་ དེ་,གིས་གྲལ་རིམས་བཞིན་དུ་འཁོད་དེ། དེ་
བུ་དག།,བུ་དག
རྨོངས་པ་མི་,རྨོངས་པ། མི་
དག་པར་རྨ,དག་པར་སྨ
ེད་,ིད་
གྱིས་སོང་ཞི,གྱིས་སོང་ཤི
ཁྱེའུ་མཐེ་,ཁྱེའུ་མཐོ་
འཕྲེད་,ཕྲེད་
ཐུལ་འགྲོ་ ལྡོག་,ཐུལ་འགྲོ་བ་དང་། ལྡོག་
ག་,ང་
ྲུལ་ནས་ ལྕགས་,ྲུལ་ནས་བཅོམ་ལྡན་འདས་ཀྱིས་བཀའ་སྩལ་པ། ལྕགས་
ཡོད་དུ་སོང་,ཡོད་དུ་དོང་
ཀྱང་རུང་ངོ་སྙམ་,ཀྱང་རུང་སྙམ་
དོན་དུ་ཡང་གསོལ་,དོན་དུ་གསོལ་
ནི་རྡུལ་,ནི་རྔུལ་
བཀུས་ཏེ་པོར་,བཀུས་ཏེ་བོར་
གསུངས་ནས་དེ་,གསུངས་ནས། དེ་
སློང་དེས་,སློང་དེ་
ལྷུང་བ་ཟེད་,ལྷུང་བཟེད་
གཞག་གོ་དེ་,གཞག་གོ། །དེ་
ཅད་དེར་འདོང་,ཅད་དེར་དོང་
བ་དང་བརྩོན་,བ་དང་། བརྩོན་
དྲིས་པ་བྲམ་,དྲིས་པ། བྲམ་
ྱོ་,ྲོ་
འབྲལ་གྲང་གསོན་,འབྲལ་གྲང་། གསོན་
གདོན་པ་འདོན་,གདོན་པ་གདོན་
ཉ་རྟ་བ་,ཉ་རྟ་པ་
ཙོག་པོར་,ཙོག་པུར་
པ་འགག་རེག་,པ་འགག །རེག་
ེད་,ོད་
པ་ལྟར་།,པ་ལྟར། །
མ་ལྷགས་ དགེ་,མ་ལྷགས་པ་དག་ཡོད་ན། དགེ་
ྒྱ,་བྱ
ཞེས་བརྗེད་,ཞེས་བརྗོད་
དག་ལོང་ཞིག་,དག་ལོང་ཤིག་
༑ ཁོ་,། ཁོ་
སྙམ་པས་,སྙམ་པ་
ག་གི་འཁར་,ག་གི་ཁར་
ཆག་ཆག་གདབ་,ཆག་ཆག་བཏབ་
སྨྲོས་ཤིག་གལ་,སྨྲོས་ཤིག །གལ་
པར་བསྐོས་,པར་བསྐོ་
འགྱུར་རམ་དགེ་,འགྱུར་རམ། དགེ་
པར་སྤྲོ་འམ་,པར་སྤྲོའམ་
བ་དེ་དག་ཐམས་,བ་དེ་ཐམས་
འཇུག་རྣམ་པ་གཉིས,འཇུག་རྣམ་གཉིས
མ་གཏོགས་བར་,མ་གཏོགས་པར་
ཧའི་,ྷཱ་
དུ་འཇུག་,དུ་བཅུག་
གཏི་མུག་བར་,གཏི་མུག་པར་
འགྱུར་རོ་།,འགྱུར་རོ། །
ག་གིས་,ག་གི་
ལ་ཡོ་ ཐམས་,ལ་ཡོ་བྱད་ཐམས་ཅད་ཀྱིས་བསྟབས་པ་དང་། ཐམས་
ཚོགས་པ་སློང་,ཚོགས་པ། སློང་
པ་དང་,པ་དང་ཡོངས་
པ་བཅས་,པ་བཙས་
འགྱུར་ཏེ་ལས་,འགྱུར་ཏེ། ལས་
སྩལ་པ་ཉེས་,སྩལ་པ། ཉེས་
གཞག་,པ་དང་། གཞག་
ཚོགས་པ་དག་རྙེད་,ཚོགས་པ་རྙེད་
འདུན་གྱི་དབྱེན་,འདུན་དབྱེན་
བཅུག་གོ་དུས་,བཅུག་གོ། །དུས་
སྨན་ནམ་མེ་ཏོག་གི་སྨན་ནམ།,སྨན་ནམ།
གཅིག་པ་འཆང་,གཅིག་པ་བཅང་
བླངས་ནས་དེ་,བླངས་ནས། དེ་
ཝཱ་,བཱ་
འདི་སྐད་ཅེས་བརྗོད་,འདི་སྐད་བརྗོད་
མཐོན་པོར་,མཐོན་པོ་
ཡོད་དོ་།,ཡོད་དོ། །
ས་མཚམས་ཀྱི་,ས་མཚམས་གྱི་
པོ་ལ་བསྡིགས་,པོ་ལ་སྡིགས་
བསམས་ན་༄༅།,བསམས་ན།
ཁ་ཟས་,ཟས་
གསོལ་བར་བྱའོ།,གསོལ་བའོ།
བདུན་ལོན་བས་,བདུན་ལོན་པས་
ཆེ་བ་སྨིན་,ཆེ་བ། སྨིན་
བོ་ཨ་ཇི,བོ་ཨ་ཛི
དང་གསུམ་བར་,དང་གསུམ་པར་
མི་གནས་,མི་གནས་སོ།
སྡེ་འདོང་,སྡེ་འདོད་
འི་,ས་
ལགས་སོ་།,ལགས་སོ། །
ནོར་ཟད་བ་,ནོར་ཟད་པ་
མའོ།།བདག་,མའོ་བདག་
དུ་གྱུར་བ་,དུ་གྱུར་པ་
བ་འཐུང་པ་,བ་འཐུང་བ་
བྱིས་པ་རྨོངས་,བྱིས་པ། རྨོངས་
མཐོང་ནས།,མཐོང་ན།
བཏང་སྟེ་༄༅།,བཏང་སྟེ།
ལ་ཡུན་རིང་,ལ་ཡུན་
ཡང་མེད་བུ་,ཡང་མེད། བུ་
སྨྲས་སོ་།,སྨྲས་སོ། །
བར་བྱེད་སྐྱེད་,བར་བྱེད། སྐྱེད་
ས་ཤིག་དེས་,ས་ཤིག །དེས་
།བསླབ་,།ཡན་ལག་ལྔ་པ་འདིས་བདག་འཕགས་པ་དགྲ་བཅོམ་པ་དེ་དག་གི་བསླབ་
འཁོར་ཡང་ །,འཁོར་ཡང་གཉིས་བྱས་སོ། །
འབྲིང་པོའི་,འབྲིང་པོ་
འཚལ་ཏེ་གནོད་,འཚལ་ཏེ། གནོད་
མ་,ན་
ནི་དབྱེན་ །,ནི་དབྱེན་གྱི་ཉེར་བསྡོགས་ལས་ཉེས་པ་སྦོམ་པོར་འགྱུར་རོ། །
ཆགས་པར་,ཆགས་པ་
ཚུགས་སུ་བལྟ་,ཚུགས་སུ་ལྟ་
གསལ་བ་མི་,གསལ་བ། མི་
པ་དག་དབུལ་,པ་དག་འབུལ་
ལྟ་བུ་,ལྟ་བ་
པ་གདོན་ དགེ་,པ་གདོན་པར་བྱ་སྟེ། དགེ་
མཚུངས་སོ་།,མཚུངས་སོ། །
གཅིག་པུ་བ།,གཅིག་པུ་པ།
ད་,་
གྱི་ལམ་ཁ་,གྱི་ལམ་ཀ་
༑ ཤེས་,། ཤེས་
བཟླས་པས་,བཟླས་པའི་
མལ་བསྒོ་,མལ་བགོ་
གནོད་པར་བསྡོ་,གནོད་པར་སྡོ་
གིས་,ཀྱིས་
ློ,་ལེན་དང་། འབྱོ
པོ་ལགས་བྱང་,པོ་ལགས། བྱང་
བ་བཞིན་དུ་མངོན་,བ་བཞིན་མངོན་
པས་ཡུལ་འཁོར་གཞན་,པས་ཡུལ་གཞན་
བ་ལ་མཁས,བ་ལ་གས
ལགས་ཀྱི་།,ལགས་ཀྱི། །
བགྱིད་པ་དབུལ་,བགྱིད་པ་འབུལ་
མ་ དགེ་,མ་ནིང་ཉིད་དམ། དགེ་
,
ལྷགས་པ་དག་ཡོད་,ལྷགས་པ་ཡོད་
དཔལ་གནས་།,དཔལ་གནས། །
དང་འབྲེལ་བའི་,དང་འབྲེལ་པའི་
སྩལ་པ་སྒོ་,སྩལ་པ། སྒོ་
ཨུད་པལ་,ཨུཏྤལ་
དུ་བྱེད་བའི་,དུ་བྱེད་པའི་
སམ་སྒོ་,སམ། སྒོ་
འཕེལ་ཞིང་,འཕེལ་ཤིང་
༑ མནའ་,་། མནའ་
འབྲུ་,འདྲུ་
དེ་,ལྷག་པ་དག་འདུག་ཅིང་མཐུན་པར་གྱུར་པ་ན། དེ་
སྨྲས་པ་རྗེའི་,སྨྲས་པ། རྗེའི་
ཡོད་པར་བསྒྲུབས་,ཡོད་པར་སྒྲུབས་
དུ་འཇུག་བདག་,དུ་འཇུག །བདག་
ལྷའི་བུའམ་ལྷའི་,ལྷའི་བུའམ། ལྷའི་
མོ་ཅན་ཡིན་,མོ་ཅན་མིན་
ལྷགས་ནས།,ལྷགས་ན།
ལ་ཁྱོད་,ལ་ཁྱེད་
བ་དང་སྨོས་,བ་དང་། སྨོས་
དྲིས་པ་ཚེ་,དྲིས་པ། ཚེ་
ཅེས་སྤྲིང་པ་,ཅེས་སྤྲིང་བ་
སྡུམ་པར་མཆིའོ།,སྡུམ་པར་འཆིའོ།
ཁྱེའུ་འདིའི་,ཁྱེའུ་འདི་
ལ་ཁྱེད་,ལ་ཁྱོད་
ཤིག་,ཞིག་
ལམ་ཁར་,ལམ་ཀར་
སྲུང་པ་,སྲུང་བ་
་རྫི,་རྣམས་ཀྱིས་གསོལ་པ་དང་། བཅོམ་ལྡན་འདས་ཀྱི
གྱིས་བརླབས་ལ་,གྱིས་བརླབས་ནས་
སུ་ཞིག་དེ་,སུ་ཞིག །དེ་
་བཅོམ་,། །བཅོམ་
གནང་ནས་ འདི་,གནང་ནས་དགེ་འདུན་གྱིས་མཚམས་ཆེན་པོ་བཤིག་ཅིང་བཀྲོལ་ལགས་ཏེ། འདི་
ཉོན་ཅིག་ཁྱོད་,ཉོན་ཅིག །ཁྱོད་
པར་འདུག་,པར་འཇུག་
ལྟ་སྟེ་གསོ་,ལྟ་སྟེ། གསོ་
ལྟར་མཆིས་,ལྟར་མཆི་
འཛེག་གོ་བདག་,འཛེག་གོ། །བདག་
སློང་གི་བྱ་བ་དང,སློང་གི་དང
ཏེ་བརྟགས་བ་,ཏེ་བརྟགས་པ་
ཆོས་ལྔ་པོ་དེ་དག་དང་,ཆོས་ལྔ་དང་
བཞིན་ནོ་།,བཞིན་ནོ། །
བླུན་པོ་ཆེན་པོ་གཉིས་,བླུན་པོ་གཉིས་
ཟེའི་ཁྱེའུ་,ཟེའི་ཁྱིམ་
བཏབ་བོ་།,བཏབ་བོ། །
བ་དེར་,བ་དེ་
པོར་འཇུག་བར་,པོར་འཇུག་པར་
པར་རྗེས་,པར་རྗེས་སུ་ལྟ་བ་དང་།
བསེང་བསེང་བོ་,བསེང་བསེང་པོ་
ཡང་དགེ་,དགེ་
མཆིས་སོ་།,མཆིས་སོ། །
གྱུར་ཅིག་དགེ་,གྱུར་ཅིག །དགེ་
མ་ཡིན་ནམ།,མ་ཡིན་པའམ།
འགྲོ་ཞིག་གལ་,འགྲོ་ཞིག །གལ་
གྲོང་བཅོམ་པའམ,གྲོང་བཅོམ་མམ
ེད།,ིད།
ལྷོགས་ཤིག་ཁོ་,ལྷོགས་ཤིག །ཁོ་
གྱིས་ཤིག་ཁྱོད་,གྱིས་ཤིག །ཁྱོད་
སྡོམ་ལ་མུ་,སྡོམ་ལ། མུ་
འགྱུར་རོ་།,འགྱུར་རོ།། །།
ཉེར་བསྡོགས་ཅན་,ཉེར་བསྡོགས་
བ་བཞིན་དུ་རབ་,བ་བཞིན་རབ་
་དམ་,།དམ་
གྱིས་ཤིག་ཁྱིམ་,གྱིས་ཤིག །ཁྱིམ་
སྣ་འཇུངས་བ་,སྣ་འཇུངས་པ་
བྱས་པ་བྱས་,བྱས་པ། བྱས་
་འབྱུང་༄༅།,་འབྱུང་།
ཅེས་བརྗོད་བར་,ཅེས་བརྗོད་པར་
ཚོགས་ཉུང་དུས་,ཚོགས་ཉུང་ངུས་
དམག་བརྒྱ་བས་,དམག་བརྒྱ་པས་
དག་མེ་པ་,དག་མེ་བ་
་དང་གློ་,་དང་། གློ་
ཀྱང་དེའི་,ཀྱང་དེ་
།གཉན་,།མཉན་
་བ་,ར་
བ་དང་འཆི་,བ་དང་། འཆི་
ཡིད་ཆེས་བར་,ཡིད་ཆེས་པར་
མ་,་
བཞག་གོ་དེ་,བཞག་གོ། །དེ་
སྣང་ནས་བྲན་,སྣང་ནས། བྲན་
པི་ཝང་,པི་བང་
གཏིང་,རྟིང་
།,ཕྱི་བཞིན་རྗེས་སུ་མི་འབྲང་ངོ་། །
༄༅།,སྨན་པའི་དྲུང་དུ་སོང་སྟེ། བཞིན་བཟངས་ཁོ་བོ་གཡན་པའི་ནད་ཀྱིས་བཏབ་ཀྱིས་སྨན་སྟོན་ཅིག་དེས་སྨྲས་པ།
ཀ་,ག་
རྐུན་པ་དག,རྐུན་པ་ག
བ་འགག་ཚོར་,བ་འགག །ཚོར་
གྱིས་འཆེ་,གྱིས་འཆ་
༑ དེང་,། དེང་
བྱེད་ཀྱི་།,བྱེད་ཀྱི་ཚལ་མགོན་མེད་ཟས་སྦྱིན་གྱི་ཀུན་དགའ་ར་བ་ན་བཞུགས་སོ། །
ཡང་བླང་པར་,ཡང་བླང་བར་
་༄༅།,།
བྱ་སྟེ་ཚེ་,བྱ་སྟེ། ཚེ་
མོ་ལ་བཟོ་,མོ་ལ་གཟོ་
ཅིའི་ཕྱིར་དུ,ཅིའི་ཕྱིར་ངུ
ཅིག་ཅེས་སྨོན་ལམ་གདབ་,ཅིག་ཅེས་གདབ་
་ཤིག་སྲིང་,་ཤིག །སྲིང་
བཟུང་སྟེ་ཚེ་,བཟུང་སྟེ། ཚེ་
བྱ་སྟེ་འདི་,བྱ་སྟེ། འདི་
ཚུར་ཤོག་།,ཚུར་ཤོག །
མི་མཐུན་བར་,མི་མཐུན་པར་
པའི་མདོ་འདོན་,པའི་མདོ་གདོན་
སྲིད་པ་འགག་,སྲིད་པ།འགག་
མཐུན་པར་འགྱུར་,མཐུན་པར་གྱུར་
གཉུག་མར་,གཉུག་མར་གནས་པ་མཉམ་པ་དག་ལྷགས་ན། དེ་དག་
གྱུར་ཏེ་ལག་,གྱུར་ཏེ། ལག་
ལ་འདུག་བར་,ལ་འདུག་པར་
ནི་ཀུན་ཏུ་,ནི་ཀུན་དུ་
།,
ལེགས་སོ་།,ལེགས་སོ། །
འཚེ་བར་,འཚེ་བ་
བོས་,བོ་
རྨེད་པ་མཁྱེན་,རྨེད་པ། མཁྱེན་
རབ་ཏུ་དབྱུང་,རབ་ཏུ་འབྱུང་
ཡིན་ནོ་ཞེས་,ཡིན་ནོ། །ཞེས་
ཁྱེད་,ཁྱོད་
་བློན་,།བློན་
་སངས་,། །སངས་
ཁྱབ་པ་དང།,ཁྱབ་པ།
ལ་འདུ་པ་,ལ་འདུ་བ་
དེ་ན་,དོན་
ློང་,་པ་བཞིན་དུ་ཟོང་བྱིན་ཅིག །དེས་སྨྲས་པ། གལ་ཏེ་ཇི་ལྟར་ཉོས་པ་བཞིན་ཟོང་བྱིན་ན་ཁོ་བོ་ཚོང་པ་ཆེན་པོ་ཡིན་མོད། དེ་དག་གིས་སྨྲས་པ། རིན་ཉིས་འགྱུར་གྱིས་བྱིན་ཅིག་དང་ཚོང་པའི་ཚོགས་མཆོད་པར་འགྱུར་རོ། །དེས་བསམས་པ། ཚོང་པའི་ཚོགས་ནི་མཆོད་པར་བྱ་བ་ཡིན་ནོ་སྙམ་ནས། དེས་ས་ཡ་དང་ལྔ་འབུམ་ཉིས་འགྱུར་དུ་བྱིན་ནོ། །ལྷག་མ་ནི་ཁྱིམ་དུ་སྦས་ནས་དེས་བསམས་པ། ཇི་ག་ཟིལ་པའི་ཐིགས་པས་བུམ་པ་དགང་བར་ནུས་སམ། རྒྱ་མཚོ་ཆེན་པོར་འཇུག་པར་བྱའོ་སྙམ་ནས། རྒྱ་མཚོ་ཆེན་པོར་འཇུག་པར་བྱ་བའི་ཕྱིར་དེས་གྲོང་
ལྟ་བུ་ཉིད་དང་,ལྟ་བུ་དང་
བྱེད་ན་༄༅།,བྱེད་ན།
མོས་པར་བྱ་བ་,མོས་པ་
འཚལ་ནས་མུ་,འཚལ་ནས། མུ་
ས་,ན་
རྣམས་ཀྱིས་བྲམ་,རྣམས་ཀྱིས་བསྟོད་པ་བསྒྲགས་པ། ཡང་དག་པར་སྦྱར་བ་གང་དག་ད་ལྟར་བྲམ་
ཚེ,དེ
འགྱུར་གྱིས།,འགྱུར་གྱི།
གསོལ་ཅིག་སླད་,གསོལ་ཅིག །སླད་
བུའི་,བུས་
ཏགས་,རྟགས་
འདི་སྐད་ཅེས་སྨྲ,འདི་སྐད་སྨྲ
བཅས་ཏེ་བདག་,བཅས་ཏེ། བདག་
སྐུད་པའི་གྲུ་,སྐུད་པའི་དྲུ་
པར་བྱའི།,པར་བྱས།
༑ གཙུག་,། གཙུག་
ཆུད་གཟན་,ཆུད་གསན་
བ་ནི་པུ་,བ་ནི་བུ་
མཐོན་པོ་ མཐོངས་,མཐོན་པོ་དང་ལྡན་པ། མཐོངས་
མི་བགྱི་ཉེ་,མི་བགྱི། ཉེ་
དག་གིས་ཡང་གསོལ་,དག་གིས་གསོལ་
གི་དངོས་བོར་,གི་དངོས་པོར་
༑ བཞིན་,། བཞིན་
ལ་བརྩལ་,ལ་བཙལ་
གྱོ་མོ་གཞག་,གྱོ་མོ་བཞག་
གསོལ་ཅིག་དེས་,གསོལ་ཅིག །དེས་
དུ་འགྲོའོ་།,དུ་འགྲོའོ། །
གནང་ངམ་ཞེས་,གནང་ངམ། ཞེས་
པ་ཡིན་རབ་,པ་ཡིན། རབ་
བྱས་ཏེ་རྒྱལ་,བྱས་ཏེ། རྒྱལ་
པའི་མདོ་ དགེ་,པའི་མདོ་གདོན་པ་གདོན་པར་བྱ་སྟེ། དགེ་
ཟད་པས་གལ་,ཟད་པས། གལ་
གེ་མེ་,གེ་མོ་
ཏུ་འདྲེན,ཏུ་འདྲ་ན
བུ་མེད་བ་,བུ་མེད་པ་
༑,་།
ལྟ་སྟེ་ཕའི་,ལྟ་སྟེ། ཕའི་
སྩོལ་ཅིག།,སྩོལ་ཅིག
སྨྲ་བར་,སྨྲ་བ་
གཉིས་དང་དྲི་,གཉིས་དང་། དྲི་
བགྱི་ན་ཚེ་,བགྱི་ན། ཚེ་
་གཙུག་,།གཙུག་
སོང་བ་ དེས་,སོང་བ་དང་། དེས་
སྦྱིན་པར་,སྦྱིན་པ་
དགལ་,གལ་
བྱོས་ལ་བདག་,བྱོས་ལ། བདག་
ལྟ་མ་ །,ལྟ་མ་ལགས་སོ། །
པ་འགག་ལེན་,པ་འགག །ལེན་
མ་ལ་ དེས་,མ་ལ་གཏད་ན། དེས་
ཡིན་པས་སངས་,ཡིན་པས། སངས་
དུ་འགྱུར་པས,དུ་འགྱུར་བས
རལ་,རས་
མི་ནུས་ཤེས་,མི་ནུས་ཞེས་
ཉེར་བསྡོགས་ཡས་,ཉེར་བསྡོགས་ལས་
མང་པོ་ དེ་,མང་པོ་དག་ལྷགས་ན། དེ་
།དེས་,དེས་
ཕྱེ་ཤིག་དེས་,ཕྱེ་ཤིག །དེས་
ཉིད་ཅན་སྙིང་,ཉིད་ཅན། སྙིང་
། གང་,།དགེ་སློང་དང་བཅས་པའི་གནས་གང་ཞེ་ན། གང་
བར་བྱའོ་།,བར་བྱའོ། །
ཅིའི་ཕྱིར་བཤང་,ཅིའི་ཕྱིར། བཤང་
ཀྱིས་,ཀྱི་
གས,ས
ལ་གསོན་ཅིང་,ལ་གསོན་ཞིང་
བཞག་གོ་ཆོས་,བཞག་གོ། །ཆོས་
གཉུག་མར་ དེ་,གཉུག་མར་གནས་པ་ཆེས་ཉུང་བ་དག་ལྷགས་ན། དེ་
རྟེན་དུ་འབྱུང་,རྟེན་དུ་བྱུང་
མགོན་མེད་ །,མགོན་མེད་ཟས་སྦྱིན་གྱི་ཀུན་དགའ་ར་བ་ན་བཞུགས་སོ། །
པ་གདོན་བར་,པ་གདོན་པར་
བཞུད་ཅིག་དེ་,བཞུད་ཅིག །དེ་
ཡིན་གྱིས་དེ་,ཡིན་གྱིས། དེ་
པའམ་མ་,པའམ། མ་
ཁྲི་དག་ གལ་,ཁྲི་དག་ཀྱང་སྒྱུར་བར་བྱེད་དེ། གལ་
བཙས་སོ་།,བཙས་སོ། །
བྱུག་བ་,བྱུག་པ་
ཏེ།,སྟེ།
གཡོན་,རྐུན་པ་དང་། གཡོན་
རི་,བ་
གདུག་པ་ཕ་,གདུག་པ། ཕ་
ཤུལ་གྱིས་བསྙེལ་,ཤུལ་གྱིས་མཉེལ་
༑གཟིགས་,།གཟིགས་
སེམས་འཁྲུགས་ཏེ་,སེམས་འཁྲུགས་པ་
སོར་ཞི་བར་,སོར་ཞི་པར་
ཆུ་ཁར་,ཆུ་ཁ་
སྐྱེས་ །,སྐྱེས་བུའི་རྩལ་དང་ཕ་རོལ་གནོན་པ་མེད་དོ། །
ལས་སམ་སྨད་,ལས་སམ། སྨད་
བཟླས་པས་དགག་,བཟླས་པས། དགག་
དགེ་སློང་གང་དག་,དགེ་སློང་དག་
ཟེར་ཏེ་གལ་,ཟེར་ཏེ། གལ་
པ་གཉིས་ཀྱིས་སོ,པ་གཉིས་སོ
དེ་,ལྷགས་ན། དེ་
ཡིན་ནམ་རྐུ་,ཡིན་ནམ། རྐུ་
འདུག་གོ་ཚར་,འདུག་གོ། །ཚར་
དར་བྱ་བ་,དར་བྱ། བ་
་པ་ནས།,།
བྱོན་ནས་དགེ་,བྱོན་ནས། དགེ་
ཞུས་པ་ན་བདག་,ཞུས་པ་བདག་
བར་གསོལ་ཚུར་,བར་གསོལ། ཚུར་
ཟོས་ལ་ངན་,ཟོས་ལ། ངན་
བ་འདི་ཡང་,བ་འདིའང་
མེད་དེ།,མེད་དོ།
ཡོངས་སུ་གཟུང་,ཡོངས་སུ་བཟུང་
།,སྐད་ཅེས་བརྗོད་པར་བྱའོ། །
གཅིག་གིས་ཐེམ་,གཅིག་གིས་
བྱེད་པ་ དེའི་,བྱེད་པ་ལས། དེའི་
དུ་སེམས་ དགེ་,དུ་སེམས་ཏེ། དགེ་
པ་དང་བརྫུན་,པ་དང་། བརྫུན་
ཟིན་ཏོ་།,ཟིན་ཏོ། །
གིས་ལག་བདར་,གིས་ལག་དར་
མང་པོས་གང་,མང་པོས་
མ་ལྷགས་བདག་,མ་ལྷགས་པ་དག་
ཕྱེད་དམ་ཐ་,ཕྱེད་དམ། ཐ་
དོ་,དག་འདི་སྙམ་དུ་དགེ་སློང་གང་དག་མ་ལྷགས་པ་དག་ཡོད་དོ་
བར་འདོད་,བར་འདོང་
སྩལ་པ་འགའ་,སྩལ་པ། འགའ་
བཟེད་ཁས་དབུབ་,བཟེད་ཁས་བུབ་
པོ་ལགས་ནུབ་,པོ་ལགས།ནུབ་
པ་དག་སྐྱེ་,པ་དག །སྐྱེ་
ལྔ་པོའི་,ལྔ་པའི་
པར་རྫོགས་བའི་,པར་རྫོགས་པའི་
ལན་ཐོབ་ཅིག,ལན་ཐོབ་ཤིག
སྡུད་ཅིག་དེ་,སྡུད་ཅིག །དེ་
བརླབ་པའོ་།,བརླབ་པའོ། །
ཚུལ་བཅོ་,ཚུལ་བཅྭ་
བུ་བྲེས་བ་,བུ་བྲེས་པ་
ས་,་
འགྱུར་ལ་བྲམ་,འགྱུར་ལ། བྲམ་
ཞིག་ཏུ་དབྱར་སྔ་,ཞིག་ཏུ་སྔ་
དེ་ཕན་ཚུན་,དེ་ཕན་ཆད་
ངའི་,ཕའི་
ཟུང་བཟང་པོར་,ཟུང་བཟང་བོར་
ཀྱི་ཕུད་བྱིན་,ཀྱི་ཕུད་སྦྱིན་
་ཤིག་གང་,་ཤིག །གང་
བྱེད,བྱ་ད
ཆེས་མང་པོ་,ཆེས་མང་བ་
པ་དེ་དག་ཐམས་,པ་དེ་ཐམས་
ཆེན་པོས་,ཆེན་པོ་
འདུག་པ་ཇི་,འདུག་པ་ཅི་
ལྟ་སྟེ་གནས་,ལྟ་སྟེ། གནས་
རྣམས་ཀྱིས་ཀྱང་,རྣམས་ཀྱང་
སྒྲ་དང་ལྡེ་,སྒྲ་དང་། ལྡེ་
ཞིག་ན་ཚོང་,ཞིག་ན། ཚོང་
སློང་མེད་བའི་,སློང་མེད་པའི་
ལེགས་པར་,ལེགས་པ་
པར་བྱའོ།།༄༅། །,པར་བྱའོ། །
འཛིན་པ་འདུལ་,འཛིན་པ། འདུལ་
ཞུས་ཤིག་བཙུན་,ཞུས་ཤིག །བཙུན་
ཀྱིས་འདུག་ཅིག་,ཀྱིས་འདུག་ཤིག་
གསུང་བར་,གསུང་བས་
སྐྱིབས་ ལམ་,སྐྱིབས་ཀྱི་མཚན་མའམ། ལམ་
མཉམ་པ་རིག་,མཉམ་པ། རིག་
ཉིད་ལ་འདྲི་,ཉིད་ལ་དྲི་
ཀྱི་ཕུད་སྦྱིན་,ཀྱི་ཕུད་བྱིན་
རུང་བའམ་ཐུན་,རུང་བའམ། ཐུན་
པ་དེའི་ཆེ་,པ་དེའི་ཚེ་
ཀྱང་མེད་གཞི་,ཀྱང་མེད། གཞི་
བྱེད་ཅིང་ དེའི་,བྱེད་ཅིང་སོ་སོར་ཐར་པའི་མདོ་གདོན་པ་འདོན་པར་བྱེད་པ་ལས། དེའི་
དབྱེ་བྱེད་,དབྱེ་བྱས་
གཅིག་གིས་ནི་རྒན་,གཅིག་གིས་རྒན་
་བདག་,།བདག་
གཞག་,བཞག་
བསྐོར་བ་རྫིང་,བསྐོར་བ། རྫིང་
ོན་,ན་
པ་ལ་གལ་,པ་ལ། གལ་
ཡོག་པ་ལྟོ་,ཡོག་པ། ལྟོ་
།སྔར་,སྔར་
།མགྱོགས་,མགྱོགས་
མ་ཡིན་མུ་,མ་ཡིན། མུ་
རུང་བའི་ས་,རུང་བའི་
།མཚམས་,མཚམས་
རྫས་འདི་སྙེད་,རྫས་འདི་རྙེད་
རྒྱལ་གྱིས་,རྒྱལ་གྱི་
རུང་བར་,རུང་བ་
བཏང་སྟེ་བཅོམ་,བཏང་སྟེ། བཅོམ་
ཁང་བརྩིགས་ དེ་,ཁང་བརྩིགས་ལ། དེ་
ཕྱིན་ནས་བཅོམ་,ཕྱིན་ནས། བཅོམ་
ལ་ཀུན་ཏུ་,ལ་ཀུན་དུ་
ཅོ,་ཏུ་ཉོ
གྱི་རུ་བ་,གྱི་རུ་པ་
པས་ཡུལ་ ཡུལ་,པས་ཡུལ་འཁོར་གཞན་ནམ། ཡུལ་
སྐྱེས་པའི་ལྷ་,སྐྱེས་པ་
སོད་ཅིག་དེ་,སོད་ཅིག །དེ་
ཉེར་བརྡོགས་,ཉེར་བསྡོགས་
ནི་ཁྱོད་,ནི་ཁྱེད་
ལྷོགས་ཤིག་གསུམ་,ལྷོགས་ཤིག །གསུམ་
རྣམས་ཀྱིས་,རྣམས་ཀྱི་
བྲམ་ཟེ་འདུན་,བྲམ་ཟེ་མདུན་
ཁ་སྦུ་,ཁ་སྤུ་
བྱེད་པ་ལོག་,བྱེད་པ།ལོག་
མི་འགྱུར་མེའི་,མི་འགྱུར། མེའི་
སྐྱེས་པ་ས་,སྐྱེས་པས་
སྙམ་ནས་དེ,སྙམ་ནས། དེ
ལག་ཁང་དུ་ཆག་,ལག་ཁང་ཆག་
བྱེད་ཀྱིས་ཕུལ་,བྱེད་ཀྱིས་འབུལ་
རིང་པོ་ བཙུན་,རིང་པོ་ནས་འོང་བ་མཐོང་ངམ། བཙུན་
༑ སྡོམ་,། སྡོམ་
ཏེ་བདག་བདག་,ཏེ་བདག་ཐམས་ཅད་བཟོད་དོ་ཞེས་དེ་ལྟར་ལྟ་ཞིང་དེ་སྐད་སྨྲ་ན་བདག་
དེའི་མིང་ནི་,དེའི་མིང་
ཡུན་རིང་པོ་རིང་པོ་,ཡུན་རིང་མོ་
གསོལ་བའོ་།,གསོལ་བའོ། །
དག་འདི་ དགེ་,དག་འདི་སྙམ་དུ་སེམས་ཏེ། དགེ་
ཕྱིར་བྱུང་ཞིག,ཕྱིར་བྱུང་ཤིག
བཟང་བ་མཛེས་,བཟང་བ། མཛེས་
བགྱིས་ན་ལས་,བགྱིས་ན། ལས་
བར་གནས་༄༅།,བར་གནས་པ།
པ་དང་རྨོངས་,པ་དང་། རྨོངས་
བར་བྱེད་རྟག་,བར་བྱེད། རྟག་
གྱུར་ཅིང་ས,གྱུར་ཅིང་། །ས
ཕྱིན་,ལྡན་
གནས་ འབྲུ་,གནས་མལ་བཤམས་པ་དང་། འབྲུ་
སྦྲེབས་ དེས་,སྦྲེབས་སམ། དེས་
པར་བྱའོ་ཞེས་,པར་བྱའོ། །ཞེས་
སྐད་ཅེས་ཀྱེ་,སྐད་ཅེས། ཀྱེ་
འབྲས་ །,འབྲས་བུ་དག་ཏུ་འགྱུར་བ་ཉིད། །
ནུས་པ་སྙན་,ནུས་པ། སྙན་
བ་བཏུད་ནས།,བ་བཏུད་དེ།
རྫས་བགོད་,རྫས་བགེད་
དམ་བཅས་པ་ལགས་,དམ་བཅས་ལགས་
ད་,ས་
བུ་,དེ་ན་དྲང་སྲོང་གཅིག་ཅིག་ལྗོངས་རྒྱུར་སོང་བ་དེའི་སྤྱིལ་བུ་
ན་སོག་,ན་སོང་
བའི་རྡན་,བའི་རྔན་
མ་བཞིན་ནོ།,མ་བཞིན་ཏེ།
གཉིས་ཁྱེད་,གཉིས་ཁྱོད་
།,།བུ་དེ་བཞིན་གྱིས་ཤིག་ཅེས་
མི་རུང་ངོ་,མི་རུང་
བྱ་སྟེ་མིང་,བྱ་སྟེ། མིང་
ཕྱག་ཀྱང་,ཕྱག་ལ་ཡང་
བྱེད་དུ་འཇུག་,བྱེད་དུ་བཅུག་
་རྗེ,་རྣམས་སོ་སོར་ཞི་བར་བྱས་སོ་ཞེས་དེ་རྣམས་སྤྲུལ་པ་ལ་སེམས་མངོན་པར་དད་པར་གྱུར་པས་དམྱལ་བ་མྱོང་བར་གྱུར་པའི་ལས་དེ
སོར་,སོ་
མི་འོང་པ་,མི་འོང་བ་
༑མེར་,།མེར་
སྲོལ་གཏོད་,སྲོལ་བཏོད་
ཁ་ཅིག་དེ་,ཁ་ཅིག་ནི་སྟེང་ལོགས་སུ་འདོང་བས་གང་དག་འོག་ལོགས་སུ་འདོང་བ་དེ་
བ་འདི་ དེའི་,བ་འདི་དགེ་འདུན་གྱི་སྤོང་བའི་ཞལ་ཏ་བགྱིད་པར་སྤྲོ་སྟེ། དེའི་
ལྡན་པས་ཀྱེ་,ལྡན་པས། ཀྱེ་
ལོན་གྱིས་བཟློག་,ལོན་གྱིས་ལྡོག་
གཅད་པར་,གཅད་པ་
༑ འདི་,། འདི་
དུ་གསོལ་དེ་,དུ་གསོལ། དེ་
ལྡན་པ་དག་བདག་,ལྡན་པ་བདག་
གསོལ་བར་,གསོལ་བ་
གཏོགས་སོ་།,གཏོགས་སོ།། །།
ཅི་འདྲི་,ཅི་འདི་
བ་ནས་,ནས་
ནས་འོངས་དེས་,ནས་འོངས། དེས་
གི་བུ་བཤ,གི་བུ་ཤ
ཚིག་རྩུབ་པོ།,ཚིག་རྩུབ་བོ།
རྡིབ་པར་འགྱུར་,རྡིབ་པར་གྱུར་
ྟེ།,་ཏེ།
སྤྱུགས་ཤིག་བདག་,སྤྱུགས་ཤིག །བདག་
གཏམ་འདྲེས་,གཏམ་འདྲིས་
འཕྲད་,ཕྲད་
དབང་མེད་པ་,དབང་མེད་
,ཚེས་བཅུ་བཞི་ལ་ནི་མུ་སྟེགས་ཅན་རྣམས་ཀྱི་གསོ་སྦྱོང་
བཞབས་ཏེ་གསད་,བཞབས་ཏེ་བསད་
་དེ,། དེ
ལྡན་,ཕྱིན་
མོད་ཀྱིས་,མོད་ཀྱི་
བསྟན་པར་,བསྟན་པ་
པའི་རྟགས་,པའི་རྣམ་པ་
།བཟློས་,།ཟློས་
དུ་བཟུང་སྟེ།,དུ་བཟུང་ངམ།
གྱིས་སོང་ཞིག,གྱིས་སོང་ཤིག
པས་,བས་
ལོ།,ཏོ།
ཁྱེའུ་པང་བྲམ་,ཁྱེའུ་པང་ནས་སྐྱེས་ཀྱི་ཕ་མ་གཉིས་ག་ལ་བ་དེར་དོང་སྟེ་ཕྱིན་ནས་བྲམ་
བསམས་པ་མཁན་,བསམས་པ། མཁན་
པ་ལས་གལ་,པ་ལས། གལ་
བཏབ་པས་ད་,བཏབ་པས། ད་
གཟུགས་ཅན་དེས་,གཟུགས་ཅན་སྙིང་པོ་གླང་པོ་ཆེ་ལ་ཞོན་ཏེ་ལྗོངས་སུ་བྱུང་བ་དང་། དེས་
ཉོན་ཅིག་ཤཱཀྱའི་,ཉོན་ཅིག །ཤཱཀྱའི་
དུ་,ངུ་
།,གསོ་སྦྱོང་གནས་རྣམས་སོ། །
ཉི་ཤུ་རྩ་,ཉི་ཤུ་
དེ་ཅིའི་,ཅིའི་
དུས་རྣམས་ནས་རྒྱུ་,དུས་རྣམས་རྒྱུ་
པས་ཕྱིར་བསོ་,པས་ཕྱིར་གསོ་
གས་,ས་
པ་བཅུ་བོ་,པ་བཅུ་པོ་
་ཀྲི་,་ཀཱི་
ལས་སར་བ་,ལས་སར་པ་
བ་དང་དུ་,བ་དང་། དགེ་སློང་རྣམས་བདེ་བ་ལ་རེག་པར་གནས་པར་བགྱི་བའི་སླད་དུ་
།མི་,མི་
གཏན་གཞུག་བར་,གཏན་གཞུག་པར་
དུ་འྒྲོའམ།,དུ་འགྲོའམ།
བགྱིད་པ་རྩོད་,བགྱིད་པ། རྩོད་
གསུངས་པ་དེ་བཞིན་,གསུངས་པ་བཞིན་
བྱས་སོ་།,བྱས་སོ། །
ལ་བབ་བོ་,ལ་བབ་པོ་
རྙེད་ན་དེ་,རྙེད་ན། དེ་
གྱིས་སྲེད་,གྱིས་སྲིད་
དེ་དག་,དེ་དག་ནི་
ཁུར་བ་བསྲེག,ཁུར་བ་སྲེག
གྱུར་ཏོ་།,གྱུར་ཏོ། །
སྨྲ་བ་སྨོས་,སྨྲ་བ། སྨོས་
རྟགས་དང་གཉུག་,རྟགས་དང་། གཉུག་
གྱི་དྲང་,དྲང་
གོས་དང་འཁར་,གོས་དང་། ཁར་
།ཝ་,།ལྦ་
མ་ལགས་ཤེས་,མ་ལགས་ཞེས་
རི་ཀཱ་ར་,རི་ཀཱར་
༑ རྒན་,་། རྒན་
གསར་བུའི་བར་,གསར་བུའི་པར་
སྨྲས་པ་དགའ་,སྨྲས་པ། དགའ་
དག་འདི་ཉིད་,དག་ཉིད་
སོན་པའི་མེ་,སོན་པ། མེ་
ཤའི་ཐངས་,ཤའི་ཐང་
ན་དེ་ལ་བསྙེན་,ན་དེ་བསྙེན་
ི་ཙམ་ན་དུས་,ི་ཙམ་དུས་
དོན་དུ་གསོ་,དོན་དུ་གཉེར་བ་དབྱེན་གྱི་ཡོ་བྱད་ཅན་དེ་དག་གིས་གསོལ་བ་བྱས་ཏེ་གསོ་
ཕྱིར་ལོག་ཅིག་,ཕྱིར་ལོག་ཤིག་
ྟེ།,།
ཆེས་མང་བ་,ཆེས་མང་པོ་
གིས་མི་,གིས་མ་
དེ་ལྟར་,དེ་ལྟ་
འདི་,དག་ཇི་སྙེད་ཐོས་པ་དེ་སྙེད་བགྲོད་པར་བྱ་བ་ཡིན་ནམ། འདི་
དག་གིས་,དག་གི་
གདོན་དུ་མི་རུང་,གདོན་དུ་རུང་
བྱ་བར་,བྱ་བ་
ན་,ད་
ཁྱོད་དང་ལྷན་,ཁྱོད་དང་ཐབས་
འདུག་གོ་སངས་,འདུག་གོ། །སངས་
ཤེགས་ཤིག་དེ་,ཤེགས་ཤིག །དེ་
་འོ།,འོ།
བཅོམ་གསད་,བཅོམ་བསད་
བརྩམས་སོ་།,བརྩམས་སོ། །
ཆེའི་ལྟ་སྟངས་,ཆེའི་ལྟ་ལྟངས་
དཀྱིལ་འཁོར་པའི་,དཀྱིལ་འཁོར་བའི་
པས,ས
བྱུང་སྟེ་ཀྱེ་,བྱུང་སྟེ། ཀྱེ་
ང་,ད་
སློང་གཉུག་,སློང་གློ་
དབྱེན་བགྱ,དབྱེན་བྱ
མ་བརྐྱང་པ་,མ་བརྐྱང་བ་
ུར་ཤོག་གྲོ་,ུར་ཤོག །གྲོ་
གྱིས་གཙུག་དེས་,གྱིས་གཙུག་ལག་ཁང་དེ་ཉིད་དུ་གནས་མལ་དབུལ་བར་འདོད་པར་གྱུར་ནས། དེས་
བར་སྔོམ་,བར་སྡོམ་
གྱིས་བྱས་,གྱིས་དོན་དུ་གཉེར་བ་དབྱེན་གྱི་ཡོ་བྱད་ཅན་དེ་དག་གིས་གསོལ་བ་བྱས་
པ་དག་དང་འདུས་,པ་དག་འདུས་
དེ་སྐད་ཅེས་,དེ་སྐད་
ལོངས་སྤྱོད་,ལོངས་སྤྱད་
གསེལ་,བསེལ་
གན་དུ་དོང་,གན་དུ་སོང་
་སྟོང་བ་,་སྟོང་པ་
གང་གི་ཆེ,གང་གི་ཚེ
ལས་དེས་,ལས་དེ་
སྐྲ་བྱི་པ་,སྐྲ་བྱི་བ་
གནང་ན་བདག་,གནང་ན། བདག་
གིས་ཕྱོགས་དེ་ཡལ་,གིས་ཕྱོགས་ཡལ་
་བསམས་པ་ན།,་བསམས་ན།
བྱ་ཞིང་ །,བྱ་ཞིང་ཕན་པ་ལ་སྦྱར་བར་བྱའོ། །
མེ་གཟུགས་བར་,མེ་གཟུགས་པར་
༑ དེས་,། དེས་
སྒྲ་དང་གཏང་,སྒྲ་དང་། གཏང་
བས་ཁྱོད་,བས་ཁྱེད་
ཕྱི་རོལ་ཏུ་,ཕྱི་རོལ་དུ་
ཞེས་བརྩོན་བ་,ཞེས་བརྩོན་པ་
་པ་ན་,་པ་ཎ་
ཕན་ཚུན་ཀླད་,ཕན་ཚུན་གླད་
འདི་ལྟར་བྱིན་,འདི་ལྟར་སྦྱིན་
པར་བྱ་སྟན་,པར་བྱ། སྟན་
ཞེས་,ནམ་
མོ་སྦྱོར་,མོ་སྦྱར་
སྟེར་ཏོ་།,སྟེར་ཏོ། །
འདུན་གྱིས་,འདུན་གྱི་
ལྷུང་,ལྟུང་
ཉིད་དམ་མ་,ཉིད་དམ། མ་
བ་ལོ་,བ། ལོ་
མངོན་པར་,མངོན་པ་
དག་པའི་ དགེ་,དག་པའི་ཏིང་ངེ་འཛིན་ཏེ། དགེ་
ཐོས་པ་ཆོས་,ཐོས་པ། ཆོས་
ཏེ་ཤི་ཞིག་,ཏེ་ཤི་ཤིག་
སློང་གློ་ཚེས་,སློང་གློ་བུར་དུ་འོངས་པ་ཆེས་མང་པོ་དག་གི་ནི་ཚེས་བཅུ་བཞིའམ་ཚེས་
འགྲོ་བར་,འགྲོ་བ་
སུ་གྷོ་,སུ་གྷོ་
ཞེ་ན་དེ་,ཞེ་ན། དེ་
སྲང་,སྲད་
སློང་དག་ཀྱང་ལྷགས་,སློང་དག་ལྷགས་
གང་ན་དེ་,གང་ན། དེ་
བྱས་པ་འདི་ནི་,བྱས་པ་ནི་
དག་པ་བརྗོད་,དག་པ་རྗོད་
ྨྲ,ིལ་བར་འབབ་བོ། གྲང་བའི་སེམས་ཅན་དམྱལ་བ་གང་དག་ཡིན་པ་དེ་དག་ལ་ནི་དྲ
སྐབས་ནི་,སྐབས་ན་
མཐུན་པའི་,མཐུན་པར་
ཅི་བྱེད་དེ་,ཅི་བྱེད། དེ་
ཏུ་བསོག,ཏུ་བསག
རྗོད་ཅིང།,རྗོད་ཅིག
ཁྲིད་ནས་ དགེ་,ཁྲིད་ནས་སྨྲས་པ། དགེ་
རྒྱལ་སྲིད་དུ་,རྒྱལ་སྲིད་
དེས་དེ་བཞུས་,དེས་དེ་གཞུས་
,ཏེ་དགེ་འདུན་
པའི་མདོ་ འོན་,པའི་མདོ་གདོན་པ་གདོན་དུ་རུང་ངམ། འོན་
འདུན་འཚོས་,འདུན་འཚོ་
ཏེ་,སྟེ་
ལྟར་ཅད་,ལྟར་ཅང་
ལགས་སོ༑ །,ལགས་སོ། །
གང་ཡིན་ཚངས་,གང་ཡིན། ཚངས་
སྤྲིང་ན་དེ་,སྤྲིང་ན། དེ་
གྱིས་ཤིག་དེ་,གྱིས་ཤིག །དེ་
དག་གི་ནི་ཚེས་,དག་གི་ཚེས་
།ད,།ཤེས་ལྡན་ད
།དྲི་,དྲི་
སྲོག་ལ་འགའ་,སྲོག་ལ་
ནས་སོང་ །,ནས་སོང་ངོ་། །
ཀྱིས་བསྐོར་པ།,ཀྱིས་བསྐོར་བ།
སྤྱོད་ཅིང།,སྤྱོད་ཅིག །
བྱས་ཀྱིས་གལ་,བྱས་ཀྱིས། གལ་
དཔྱད་འདོན་བ་,དཔྱད་འདོན་པ་
ཉེ་བར་བསྒྲུབ་,ཉེ་བར་སྒྲུབ་
ཏེ་འདུག་,ཏེ་འདུག་གོ།
སེམས་ཀྱིས་,སེམས་ཀྱི་
ྮིའམ་,ཞིའམ་
པ་བཅུ་།,པ་བཅུ། །
བུད་མེད་ཀྱི་ཡུལ་ལ་,བུད་མེད་ལ་
ནས་ཟུང་ཞིག་,ནས་ཟུང་ཤིག་
ཉིད་དང།,ཉིད་དམ།
བརྩིགས་ལ་དེ་,བརྩིགས་ལ། དེ་
སྤྲིང་བ་ཐོ,སྤྲིང་བ་འོ
ཕོ་ཉ་བཏང་,ཕོ་ཉ་གཏང་
སྦྱོང་དུ་བྱེད་,སྦྱོང་བྱེད་
བའི་ རྒོལ་,བའི་ཁྱུ་མཆོག་དེ་དག་ལ་ཡང་བསྙེན་བཀུར་བགྱི། རྒོལ་
བཟང་བ་བལྟ་,བཟང་བ། བལྟ་
པོ་པདྨ་,པོ་པད་མ་
སློང་དེ་དག་,སློང་དག་
སྔ་,སྡེ་
ཤུལ་ཁར་,ཤུལ་ཀར་
མན་ཆད་ལ་,མན་ཆད་
སྡུག་བསྔལ་བ་,སྡུག་བསྔལ་
པ་དང།,པའམ།
ཡིན་ན་བདག་,ཡིན་ན། བདག་
།མཚན་,མཚན་
།འཁྲང་,།མཁྲང་
པོ་དང་ཁྲི་སྟན་,པོ་དང་སྟན་
་ན་,ན་
གཉེར་བར་,གཉེར་བ་
རིལ་པ་,རིལ་བ་
སྟེགས་ རྐུ་,སྟེགས་ཅན་ཞུགས་པ་ཉིད་དམ། རྐུ་
ུག་གོ་དེ་,ུག་གོ། །དེ་
བར་བགྱི་རྒྱལ་,བར་བགྱི། རྒྱལ་
ཏུ་འཇུག་,ཏུ་འཇུད་
མཐོ་,ཐོ་
ལྷན་ཅིག་ཏུ་དུར་,ལྷན་ཅིག་དུར་
རབ་ཏུ་ཕྱུང་,རབ་ཏུ་བྱུང་
བ་སྦྱོ,བ་སྐྱོ
འཁོར་,ཀོར་
་སོད་,།སོད་
ཤི་འཕོས་ཏེ་,ཤི་འཕོས་ནས་
དག་དང་ཤིང་,དག་དང་། ཤིང་
ནས་ཀུན་ཏུ་,ནས་ཀུན་དུ་
པས་སུན་,པས་སུན་ཕྱུང་བ་
སྐྱེད་,དེ་ལ་བུ་ལོན་ཆགས་པ་ཞིག་གིས་དུས་དང་དུས་སུ་དངོས་དང་སྐྱེད་
ཇི་,།ཅི་
ཚུར་ཤོག་འདུག་,ཚུར་ཤོག །འདུག་
བརྒྱན་པ་སྙིང་,བརྒྱན་པ། སྙིང་
འཕོ་བ་དང,འཕོ་དང
བཏང་བ་ཐོས་,བཏང་བ། ཐོས་
༑རྒྱལ་,།རྒྱལ་
སྐྱེས་གཉིས་ཀ་འདི་,སྐྱེས་གཉིས་འདི་
ཅག་གིས་,ཅག་གི་
ཡང་ཕ་ཕོང་,ཡང་ཕ་བོང་
གྱིས་དོན་ཏེ,གྱིས་དོན་དུ་གཉེར་བ་དབྱེན་གྱི་ཡོ་བྱད་ཅན་དེ་དག་གིས་གསོལ་བ་བྱས་ཏེ
ལམ་མམ་འཆག་,ལམ་མམ། འཆག་
སར་དང,དང
འབྱུང་བར་,འབྱུང་བ་
དེས་སྤྱོད་དོ་ཞེས་,དེས་སྤྱོད་ཅེས་
བར་བགྱི་ཉེ་,བར་བགྱི། ཉེ་
ལ་གཏུགས་ཏེ་,ལ་གཏུགས་ནས་
ཏུ་འདུག་,ཏུ་འདུས་
དེས་གནང་ངོ་ཞེས་,དེས་གནང་ཞེས་
བུ་ཆུང་བཅད་,བུ་ཆུང་གཅད་
དབྱེ་བྱའོ་།,དབྱེ་བྱའོ། །
ེད་པའི་,ི་
སྙན་པར་,སྙན་པ་
པའི་གནས་ཤེས་,པའི་གནས་ཞེས་
་བྲམ་,། །བྲམ་
འདས་ལ་ བཙུན་,འདས་ལ་ཞུས་པ། བཙུན་
ལ་འདུག་ཅིག,ལ་འདུག་ཤིག
པ་བཞི་འམ,པ་བཞིའམ
ལྟ་བུའི་།,ལྟ་བུའི་གླེང་བ་པོ་ལ་བསྒོ་ཞིང་རབ་ཏུ་བསྒོ་ནས་དགག་དབྱེ་བྱའོ། །
མི་འདུག་དེ་,མི་འདུག །དེ་
བར་འགྱུར་དགེ་,བར་འགྱུར། དགེ་
ཉིད་དམ་དགྲ་,ཉིད་དམ། དགྲ་
བགྱིད་ཀྱིས་ཚེ་,བགྱིད་ཀྱིས། ཚེ་
གནང་བར་,གནང་བ་
༑ ཡང་,། ཡང་
་ལྷ་,། ལྷ་
པར་བལྟ་པར་,པར་བལྟ་བར་
བྱེད་འདུག་ནུབ་,བྱེད་འདུག །ནུབ་
ཡང་བསམས་,ཡང་བསམ་
ཤི,ཀྱིས། མ་ལ་བདག་གིས་ད་ནི་སྨན་པ་ལ་དྲིའོ་སྙམ་སྟེ། དེ་སྨན་པའི་དྲུང་དུ་སོང་ནས་བཞིན་བཟངས་བཅོམ་ལྡན་འདས་འདི་ལྟ་བུའི་སྙུན་གྱིས་ཐེབས་ཀྱིས་སྨན་སྟོན་ཅིག །དེས་སྨྲས་པ། འཕགས་པ་གྲུ་སུམ་ཆབ་མར་མང་པོ་སྩལ་པ་སྒྲོལ་ལ་གསོལ་ཅི
འདུག་ཅིང་མཐུན་,འདུག་ཅིང་འཐུན་
སྤྱུགས་ཤིག།,སྤྱུགས་ཤིག
སྐྱབས་སུ་མཆིའོ,སྐྱབས་སུ་འཆིའོ
བ།,པ།
༑,ས་སོ་ཞེས་བྱ་བ་ནས་དེ་ལྟ་བུའི་ཆོས་མདོར་བསྡུས་པ་ལེགས་པར་བཤད་དུ་གསོལ་ཞེས་བྱ་བའི་བར་སྨྲ་བ་ནི་ཡང་ལེགས་སོ་ཞེས་བྱ་བ་སྔ་མ་བཞིན་ཏེ།
ལྟོས་པས་ཚེ་,ལྟོས་པས། ཚེ་
ཀྱིས་འོ་ངས་,ཀྱིས་འོ་ནི་ཉིད་དུ་རྒྱལ་སྲིད་བྱེད་དུ་ཆུག་ཤིག །ངས་
ཚལ་མ་འཐོབ་,ཚལ་མ་ཐོབ་
པོ་,མོ་
བྱུང་,ཕྱུང་
འདིར་སྐྱེས་གྲོ་,འདིར་སྐྱེས། གྲོ་
ྮིའམ,ཞིའམ
ཚེ་གྲུ་པོ་,ཚེ་གྲུ་བོ་
དམྱལ་བ་པ་,དམྱལ་བའི་
འཕྲིན་,ཕྲིན་
།ཝཱ་,།བཱ་
བཀྲ་ཤེས་,བཀྲ་ཤིས་
་དེ་,། དེ་
བུ་དག་བ་,བུ་དག །བ་
དྲའོ་།,དྲའ། །
གཉིད་ལོག་བར་,གཉིད་ལོག་པར་
དག་གང་གལ་,དག་གལ་
པ་མ་ དགྲ་,པ་མ་ཡིན་ནམ། དགྲ་
རྟ་བའི་,རྟ་པའི་
གཅིག་པོ་,གཅིག་པུ་
ཐོས་ན་ དགེ་,ཐོས་ན་དེ་དག་འདི་སྙམ་དུ་སེམས་ཏེ། དགེ་
ཉེ་བར་,ཉེ་བ་
སུ་གཟུང་,སུ་བཟུང་
ཀྱིས་བཀའ་ འདི་,ཀྱིས་བཀའ་སྩལ་པ། འདི་
ྜི་,་ཌཱི་
་གར་,གར་
་བགྱིད་,་བགྱི་
ཉོན་ཅིག་བསྙེན་,ཉོན་ཅིག །བསྙེན་
གཅིག་གོ་དགག་,གཅིག་གོ། །དགག་
བའི་,བ་
མོ་དབྱར་,མོ་གཡར་
མང་པོར་,མང་པོ་
གས་,ངས་
ཁྱོད་ཉིན་བར་,ཁྱོད་ཉིན་པར་
གའི་རྒྱལ་བོས་,གའི་རྒྱལ་པོས་
གྱིས་རྒན་།,གྱིས་རྒན། །
ལུས་ །,ལུས་ཞིག་སྲོག་ནི་ཡོངས་གཏུགས་དང་། །
པ་དགེ་,དགེ་
བསྐྱེ,སྐྱེ
བྲམ་ཟེའི་,བྲམ་ཟེས་
གིས་,གི་
པོ་དང་ཉེ་,པོ་ཉེ་
འབར་ཀུན་ཏུ་,འབར་ཀུན་དུ་
བཞི་,གཞི་
བཙུན་བ་,བཙུན་པ་
སློང་བྮིའམ,སློང་བཞིའམ
པོ་མ་ཐོང་,པོ་མཐོང་
སློང་དག་འདི་ཇི་,སློང་དག་ཇི་
ཐོགས་ཏེ་མཉན་,ཐོགས་ཏེ། མཉན་
་མ་,མ་
གནས་ཏེ་དེའི་,གནས་ཏེ། དེའི་
ཏེ་དེ་,ཏེ་ད་
བྱེད་དེ།,བྱེད་དོ།
བ་དང་ རབ་,བ་དང་། འགོག་པར་རྗེས་སུ་ལྟ་བ་དང་། རབ་
ཐུལ་ཀུན་ཏུ་,ཐུལ་ཀུན་དུ་
ང་,ན་
དུ་ཕུལ་བཙུན་,དུ་ཕུལ། བཙུན་
པར་བྱའོ་སྙམ་,པར་བྱའོ། །སྙམ་
སེམས་ཏེ་བདག་,སེམས་ཏེ། བདག་
གིས་ཡང་དེ་དག་གི་དོན་དུ་གསོལ་,གིས་ཡང་གསོལ་
ཇེག་,ཛེག་
ཉོན་ཅིག་གྲོ་,ཉོན་ཅིག །གྲོ་
སྨྲས་པ་མ་,སྨྲས་པ། མ་
དེ་སྲོག་བསྲུང་,དེ་སྲོག་སྲུང་
པ་བཀྲུས་,པ་བཀྲུ་
སྩལ་པ་ཁ་,སྩལ་པ། ཁ་
ར་བྱེད་སྐྱེད་,ར་བྱེད། སྐྱེད་
ལ་བབ་བ་,ལ་བབ་པ་
ཡིན་པས་དགེ་,ཡིན་པས། དགེ་
གཞན་ནམ་ཡུལ་,གཞན་ནམ། ཡུལ་
ཀྱུས་,ཀྱི་
རྟོགས་ཤིག་དེ་,རྟོགས་ཤིག །དེ་
བྱོན་ནས་བཞིན་,བྱོན་ནས། བཞིན་
ིའོ།,འོ།
ཁྱོད་ཀྱིས་དག་,ཁྱོད་ཀྱིས་ངག་
་ཀ་,།ཀ་
པ་ཉིན་བར་,པ་ཉིན་པར་
ལས་བགྱིས་,ལས་བགྱིད་
བསྡོགས་ལས་འགལ་ཚབས་,བསྡོགས་ལས་ཉེས་
ཏུ་དགེ་ དེ་,ཏུ་དགེ་སློང་གཉུག་མར་གནས་པ་ཆེས་ཉུང་བ་དག་ལྷགས་ན། དེ་
དེ་དུ་,དེ་ངུ་
།,ཅག་ནི་སྐྱེ་བ་ཟད་དོ། །
ཕྱུག་པ་ནོར་,ཕྱུག་པ།ནོར་
རྟགས་དང་གློ་,རྟགས་དང་། གློ་
བུ་དང་རིལ་,བུ་དང་། རིལ་
གྱུར་ལ་མདོ་,གྱུར་ལ། མདོ་
ཏུ་,དུ་
གོགས་པ་དག་,གོགས་པ་
སྔར་འགྲོའོ་,སྔར་འགྲོ་
ཟག་དག་དགེ་,ཟག་དགེ་
ན་ལྟུང་པ་,ན་ལྟུང་བ་
མི་,གསལ་བ། མི་
ཚོགས་པ་བཟང་,ཚོགས་པ། བཟང་
༑ ལྷ་,། ལྷ་
ོད་,ད་
དེ་ལ་ ཚེ་,དེ་ལ་འདི་སྐད་ཅེས་བརྗོད་པར་བྱ་སྟེ། ཚེ་
དམ་འྖའམ།,དམ་འཆའ་འམ།
་དེ་,་དང་
དམ་བཅས་ལ་,དམ་བཅས་པར་སོང་ནས་ཚུལ་ཤིང་ནི་བླངས་ཀྱིས་གནས་མལ་ནི་མ་བླངས་ལ་
སྩལ་པ་དམའ་,སྩལ་པ། དམའ་
ཅད་ཀྱིས་,ཅད་ཀྱི་
གི་ལག་ན་,གི་ལག་ཏུ་
གསོ་སྦྱོང་གཞག་,གསོ་སྦྱོང་བཞག་
ཚོང་འདུས་,ཚོང་དུས་
བོས་ཤིག་ལྷ་,བོས་ཤིག །ལྷ་
པོ་བཅོ་,པོ་བཅྭ་
ལ་བྱི་བད,ལ་བྱི་ད
ཆར་པ་འབབ་,ཆར་པ་བབ་
པ་དང་སྒྲ་,པ་དང་། སྒྲ་
ཡང་དེ་དགག་,ཡང་དགག་
་ཀླུའམ,། ཀླུའམ
ཤ་,ཥ་
ལྷུང་བཟེད་དང་ཆོས་གོས་ཐོགས་,ལྷུང་བཟེད་ཐོགས་
ི་,ོགས་
སྨྲས་པ་དབང་,སྨྲས་པ། དབང་
པ་ན་སེམས་,པ་ན། སེམས་
ྫི,ེག་པ་མཐོང་ནས་ཞེ་བ་ལོག་པས་སྐྱུགས་སོ། །བཅོམ་ལྡན་འདས་ཀྱི
བ་ཀ་པ་བཞུགས་,བ་ཀ་བཞུགས་
ཡང་,སངས་རྒྱས་འོད་སྲུང་
པ་,བ་
ལ་ཕོ་ ཚེ་,ལ་ཕོ་ཉ་བཏང་སྟེ། ཚེ་
སོ།,ཏེ།
ལུ་དང་བུ་,ལུ་དང་། བུ་
གང་ཡིན་རྫོགས་,གང་ཡིན། རྫོགས་
ཟེར་ན་འོ་,ཟེར་ན། འོ་
མགུར་སྤྱོད་བར་,མགུར་སྤྱོད་པར་
བ་བཅས་པ་བདག་,བ་བཅས། བདག་
རྣམ་པར་དྭང,རྣམ་པར་རང
ཅེས་བྱ་བ་བརྗོད་,ཅེས་བརྗོད་
སླད་བསྟན་,སླད་བརྟན་
ཡིན་ལ་མདོ་,ཡིན་ལ། མདོ་
པར་བྒྱིའམ།,པར་བགྱིའམ།
བྱས་སམ་མཁན་,བྱས་སམ། མཁན་
ངམ།,སམ།
བ་དེས་,བ་དེ་དག་
འདས་ཀྱི་,འདས་ཀྱང་
རྐུན་པས་,རྐུན་པའི་
ཡང་རུང་བདག་,ཡང་རུང་། བདག་
མཉམ་པ་སྟེ་,མཉམ་པ་དེ་
བཟུང་སྟེ་ཇི་,བཟུང་སྟེ། ཇི་
སྦྱོང་བྱེད་,སྦྱོང་བྱ་
པར་སྨིན་བ་,པར་སྨིན་པ་
གསིལ་,སིལ་
ན་,་
པ་དང་འདོད་,པ་དང་། འདོད་
༑འདི་,།འདི་
དམར་བ་བྱིན་,དམར་བ། བྱིན་
དག་གིས་གཤེག་,དག་གིས་འཚེག་
བྱ་སྟེ་ཇེ་,བྱ་སྟེ། ཇེ་
བདག་ །,བདག་གིས་རྔོ་ཐོག་པས། རྒྱལ་པོ་དགྱེས་པར་བགྱིའོ། །
གཉི་གར་བཞུས་,གཉི་གར་གཞུས་
སྤྱོང་,སྦྱོང་
ང་,་
བྱས་ཏེ་སྤྱོད་,བྱས་ཏེ། སྤྱོད་
བསྐུར་ཏེ་དེ་,བསྐུར་ཏེ། དེ་
བུར་འགྱུར་།ཞེས་,བུར་འགྱུར་ཞེས་
བྱེ་བ་ །,བྱེ་བ་ཁྲག་ཁྲིག་ཏུ། །
པང་ན་འཚོ་,པང་ན་མཚོ་
པ་དང་ཅུང་,པ་དང་། ཆུང་
འདྲ་བར་,འདྲ་བ་
ཁང་བརྩིགས་,ཁང་བརྩིག་
གུས་པ་,གུས་པ་ལ་ངེས་པར་སྦྱར་བའོ།།
་གཟིམས་,།གཟིམས་
སྨྲས་པས་དེ་,སྨྲས་པ། དེ་
ཞིག་བྱེད་བཅོམ་,ཞིག་བྱེད། བཅོམ་
བླངས་ཏེ་དེ་,བླངས་ཏེ། དེ་
བསྒྱེལ་ཏོ་།,བསྒྱེལ་ཏོ། །
ཅད,ད
ཀྱིས་དགོངས་བ།,ཀྱིས་དགོངས་པ།
ཉེ་བར་བརྟེན་,ཉེ་བར་རྟེན་
དྲོན་མོས་,དྲོན་པོས་
སྟོན་ཅིག་དེ་,སྟོན་ཅིག །དེ་
འདུན་པ་ །,འདུན་པ་བླང་བར་བྱའོ། །
ཡིན་ན་གཙུག་,ཡིན་ན། གཙུག་
ཕྱིར་དེས་,ཕྱིར་དེར་
ཞུགས་སོ་།,ཞུགས་སོ། །
དུ་གྱུར་བཅོམ་,དུ་གྱུར། བཅོམ་
རིམས་ཀྱིས་,རིམས་ཀྱི་
གཟིགས་ཟ་ན,གཟིགས་ཟན
སྨྲས་པ་ཤེས་,སྨྲས་པ། ཤེས་
བྱེད་པ་མཐོ་,བྱེད་པ། མཐོ་
བྱས་ཏེ་འོན་,བྱས་ཏེ། འོན་
ལ་མགོ་པོས་,ལ་མགོ་བོས་
ཀྱི་གྲྭ་ནས་,ཀྱི་གྲྭ་ལ་
གཅིན་དག་ཀྱང་,གཅིན་དག་
སྡུག་བསྔལ་བའི་,སྡུག་བསྔལ་གྱི་
རྣམས་བྱུང་ཞིག,རྣམས་བྱུང་ཤིག
གཟུགས་འགག།,གཟུགས་འགག
བཞི་པ་གོ་བས,བཞི་པ་བས
པར་དམ་བཅའོ,པར་དམ་འཆའོ
།མཆོ,མཆོ
རྟེན་ཏེ་འདི་,རྟེན་ཏེ། འདི་
མོ་ཁྱོད་,མོ་ཁྱེད་
འདིར་,བཞིན་མ་ཡིན་པ་ཡིད་ལ་བྱེད་པའི་མཚན་མ་བཟུང་བས་གནས་འདིར་
དཀའ་ལ་འདི་,དཀའ་ལ། འདི་
བོ།,སོ།
དག་གོང་གི་,དག་གོང་དུ་
དམ་ནི་བཅས་,དམ་ནི་འཆའ་
དག་གིས་བསྲིང,དག་གིས་སྲིང
འི་མཇུ,འི་མཚན་མོ་འདས་ནས་ཁ་དོག་འཕགས་པས་བཅོམ་ལྡན་འདས་གང་ན་བ་དེར་སོང་སྟེ་ཕྱིན་ནས། བཅོམ་ལྡན་འདས་ཀྱི་ཞབས་གཉིས་ལ་མགོ་བོས་ཕྱག་བྱས་ཏེ་ཕྱོགས་གཅིག་ཏུ་འདུག་གོ། །དེའི་ཚེ་ཙམ་པའི་ཀླུའི་ཆུང་མའི་ཁ་དོག་གི་མཐུས་དྲང་སྲོང་གར་གའི་རྫིང་གི་ཉེན་ཀོར་ཐམས་ཅད་སྣང་བ་རྒྱ་ཆེན་པོས་ཁྱབ་པར་བྱས་སོ། །ཙམ་པའི་ཀླུ
བསྒོ་བ་ཤེས་,བསྒོ་བ། ཤེས་
ཉོན་ཅིག་བརྫུན་,ཉོན་ཅིག །བརྫུན་
ཞིང་,ཅིང་
རྣམས་ཐེ་ཚོམ་,རྣམས་ཐེ་ཙོམ་
ལྷའི་ཨུད་པ་ལ་,ལྷའི་ཨུཏྤལ་
་བླའི།,་བླ་ཡི།
ལ་རྗེ་ས་,ལ་རྗེས་
ཆེ་བ་རྣམ་,ཆེ་བ། རྣམ་
པ་བྮིའམ་,པ་བཞིའམ་
གིས་གནས་པ་སྩལ་,གིས་གནས་བསྩལ་
ལྡན་པའི་,ལྡན་པ་
དག་ཟུངས་,དག་ཟུང་
དྲིས་ཤིག་དེ་,དྲིས་ཤིག །དེ་
དམག་བརྒྱ་བའི་,དམག་བརྒྱ་པའི་
བྱ་སྟེ་དགེ་,བྱ་སྟེ། དགེ་
སྨྲས་པ་ཡུམ་,སྨྲས་པ། ཡུམ་
།འོབས་,འོབས་
་རལ་པ་,་རལ་བ་
དཔའ་བ་རྟུལ་,དཔའ་བ། རྟུལ་
མི་བགྱིད་དགེ་,མི་བགྱིད། དགེ་
མ་ལྷགས་ དེ་,མ་ལྷགས་པ་དེ་དག་མེད་ཀྱང་རུང་། དེ་
ཅིར་འོངས།,ཅིར་འོང་།
མ་ཟློག་ཅིག,མ་ཟློག་ཤིག
བུ་འདུལ་,བུ་གདུལ་
།ཚེ་,ཚེ་
བར་གྱུར་།,བར་གྱུར། །
དེ་ནས་ དེ་,དེ་ནས་བཅོམ་ལྡན་འདས་ཀྱིས་དགེ་སློང་རྣམས་ལ་བཀའ་སྩལ་པ། དེ་
ཀ་ལྔའམ་མ་,ཀ་ལྔའམ། མ་
ཏེ་རྐང་བས་,ཏེ་རྐང་པས་
ཁྱེར་ཅིག་ཚེ་,ཁྱེར་ཅིག །ཚེ་
སུ་སྐུར་བ་,སུ་སྐུར་པ་
དུ་ཀུན་ཏུ་,དུ་ཀུན་དུ་
སྨྲས་པ་ཁྱོད་,སྨྲས་པ། ཁྱོད་
མར་གནམ་,མར་གནས་
ཀྱི་མཛད་བ་,ཀྱི་མཛད་པ་
སོར་རྟོགས་,སོར་རྟོག་
ལྡན་ཚོད་,ལྡན་ཚོང་
པའི་མཆོག་ཅིག་,པའི་མཆོག །ཅིག་
དག་གིས་ ཤེས་,དག་གིས་སྨྲས་པ། ཤེས་
དག་གི་གན,དག་གི་ན
ོས་ཤིག་ཕྱིས་,ོས་ཤིག །ཕྱིས་
མི་བྱའོ།,མི་བྱ།
ྶ་,ས་
ྫི,ྒྱུ་ཞི
གྲིབ་ཚོང་,གྲིབ་ཚོད་
ལྟུང་བ་ཕམ་པར་,ལྟུང་བར་
པར་,བར་
སྐོལ་གྱིས་,སྐོལ་གྱི་
་བྲམ་,།བྲམ་
དག་གིས་དེ་ན་,དག་གིས་
བ་བལྟ་,པ། བལྟ་
བལྟས་,ལྟས་
ཁྱེའུ་,གིས་བྲམ་ཟེའི་ཁྱེའུ་
ཞིང་བསྒྲུབ་དགོས་པ,ཞིང་བསྒྲུབ་པ
ཕོད་པ་ཡན་,ཕོད་པ། ཡན་
ལན་གཉིས་དེ་,ལན་གཉིས། དེ་
བཞིན་སྐྱེས་།,བཞིན་སྐྱེས་རྣ་བ་བྱེ་བ་རི་གཙུག་ལག་ཁང་གཅིག་ཏུ་ཁྲི་ཤོམས་ཤིག །
ཏེ་ལོགས་,ཏེ་ལེགས་
སྣོད་བཞག་དཔུང་,སྣོད་བཞག །དཔུང་
སྡུས་ཤིག་དེས་,སྡུས་ཤིག །དེས་
སྟོན་པ་མཐར་,སྟོན་པ། མཐར་
པ་དག་།མྱུར་,པ་དག་མྱུར་
པའི་,པས་
ཙོག་པོར་,ཙོག་པར་
གི་གཞིའི་སྤྱི་,གི་གཞིའི་
པ་དག་བགྱིད་,པ་དག །བགྱིད་
འཚལ་ནས་ཚེ་,འཚལ་ནས། ཚེ་
སྡུག་པ་མཛེས་,སྡུག་པ། མཛེས་
པ་དང་ཕྱག་,པ་དང་། ཕྱག་
བདག་ཤན་,བདག་ཤཎ་
་ཤིག་འདི་,་ཤིག །འདི་
ན་སྡུག་བ་,ན་སྡུག་པ་
ལས་དང་སྡིག་,ལས་དང་། སྡིག་
གཏད་དེ་པང་,གཏད་དེ། པང་
་གཉི,་གྱིས་དུས་ཚོད་གསོལ་བ། བཙུན་པ་གདུགས་ཚོད་ལགས་ན། བཅོམ་ལྡན་འདས་ད་དེའི་དུས་ལ་བབ་པར་དགོངས་སུ་གསོལ། དེ་ནས་དགེ་སློང་གི
དུ་སྩལ་བར་,དུ་སྩལ་པར་
དགེ་འདུན་གྱི་ཚོགས་,དགེ་འདུན་ཚོགས་
ཁང་སྟོང་བ་,ཁང་སྟོང་པ་
དེའི་,དམ། དེའི་
ལྷའི་བུ་དང་,ལྷའི་བུའམ་
ཉོན་ཅིག་སྨན་,ཉོན་ཅིག །སྨན་
ལྟ་པས་,ལྟ་བས་
་དེས་,།དེས་
པ་བྮིའམ,པ་བཞིའམ
པར་འདུག་བར་,པར་འདུག་པར་
དགའ་ཀུན་ཏུ་,དགའ་ཀུན་དུ་
ལྟར་དེ་དག་ན,ལྟར་ན
༑ བདག་,། བདག་
་གཞོན་,། གཞོན་
རུང་སྟེ་དགེ་,རུང་སྟེ། དགེ་
སྙམ་མོ་།,སྙམ་མོ། །
ཆེན་པོས་འཕྲིན་,ཆེན་པོས་ཕྲིན་
པར་བྱའོ་།ཞེས་,པར་བྱའོ་ཞེས་
ྩལ་,་ཚིག་ཏུ་སྨྲས་པ། ཁྱོད་འདིར་གནས་སུ་ག་ལ་
པར་བྒྱི,པར་བགྱི
སྐད་ཅེས་ཇི་,སྐད་ཅེས། ཇི་
བགྱིད་པ་འགྱེད་,བགྱིད་པ། འགྱེད་
ཤེས་སོ་།,ཤེས་སོ། །
གཞུག་གོ་ཕྱག་,གཞུག་གོ། །ཕྱག་
་།,། །
ཉི་ཤུ་རྩ་གཅིག་,ཉི་ཤུ་གཅིག་
ནིང་དང་༄༅།,ནིང་དང་།
ས་,འ་
ཀྱི་དབྱར་,ཀྱི་གཡར་
ནགས་མཆོག་གཅིག་,ནགས་མཆོག་ཅིག་
བརྩམས་པ་ཡབ་,བརྩམས་པ། ཡབ་
་དེའི་,།དེའི་
ཕྱིར་ཅི་བཅོམ་,ཕྱིར་ཅི། བཅོམ་
སམ་སེམས་ཀྱི་བདེ་བ་ལ་རེག་,སམ་སེམས་རེག་
ཤིག་ཁོལ་བ་,ཤིག་ཁོལ་ཞིང་
ཏུ་དབྱུང་པར་,ཏུ་དབྱུང་བར་
བསྟན་ནས་དེས་,བསྟན་ནས། དེས་
།རྟག་,རྟག་
བར་བྒྱིའམ,བར་བགྱིའམ
ཡིན་གྱིས་འདི་,ཡིན་གྱིས། འདི་
ཡིན་ཏེ་ཁོ་,ཡིན་ཏེ། ཁོ་
་འོ་,འོ་
དག་མི་,དག་མ་
འཚལ་ཏེ་བཅོམ་,འཚལ་ཏེ། བཅོམ་
གྱུར་ན་དགེ་,གྱུར་ན། དགེ་
བར་བྒྱི,བར་བགྱི
རྣམས་ལ་སྨ,རྣམས་ལ་རྨ
འདུག་གོ་དེ,འདུག་གོ། །དེ
བཟུང་ན་དགེ་,བཟུང་ན། དགེ་
བཅོམ་,དེའི་རྣམ་པར་སྨིན་པས་དེ་འདྲ་བ་དག་ཏུ་གྱུར། བཅོམ་
བྱུང་ནས་ཡུལ་,བྱུང་ནས། ཡུལ་
དབྱར་,གཡར་
མི་སྨྲའོ་།,མི་སྨྲའོ། །
བྱས་ཀྱིས་,བྱས་ཀྱི་
ཁྱེར་དང་རྒྱལ་,ཁྱེར་དང་། རྒྱལ་
སྡུས་ཤིག་དེ་,སྡུས་ཤིག །དེ་
ཡིན་ན་ཅིའི་,ཡིན་ན། ཅིའི་
ཉེར་བསྔོགས་,ཉེར་བསྡོགས་
ལེགས་སོ་།ཞེས་,ལེགས་སོ་ཞེས་
སྩལ་པ་གཎྜཱི་,སྩལ་པ། གཎྜཱི་
འི་མདོག་,འི་མདོ་
གོས་འདི་ནི་རུང་,གོས་འདི་རུང་
དེས་ བདག་,དེས་བསམས་པ། བདག་
སྨྲས་པ་ལྗོན་,སྨྲས་པ། ལྗོན་
ཀྱང་རུང་ དབྱེན་,ཀྱང་རུང་། ཐག་རིང་པོར་གྱུར་ཀྱང་རུང་སྙམ་ནས། དབྱེན་
༑དགེ་,།དགེ་
པར་གྱུར་བ་,པར་གྱུར་པ་
སྤངས་ཏེ་སྲོག་,སྤངས་ཏེ། སྲོག་
ནི་བསྟོད་པའོ།,ནི་བསྟོད་དོ།
ཡི་དྭགས་,ཡི་དགས་
ནས་,ཏེ་
ལྷ་,སྔ་
འཇིག་པར་,འཇིག་པ་
གྱིས་ཤིག་གནས་,གྱིས་ཤིག །གནས་
ཐོག་ཐག་ཏུ་འཕྱན་,ཐོག་ཐག་འཕྱན་
པ་དང་གཞག་,པ་དང་། གཞག་
འབྲལ་མ་བཅད་,འབྲལ་མ་གཅད་
ཤིག་,དགེ་སློང་དེས་མིག་
སྐད་དུ་བི་,སྐད་དུ། བི་
རང་བར་,རང་བ་
བཅུག་སྟེ་བརྡུང་,བཅུག་སྟེ། བརྡུང་
དག་མི་གདོང་,དག་མི་འདོང་
འདི་ནི་བདག་ཅག་གི་ཁ,འདི་ནི་ཁ
བསྟོད་པར་,བསྟོད་པ་
མཐུ་ཆེ་ དེས་,མཐུ་ཆེ་བ་དེའི་ཚེ་ན། དེས་
ཡང་དག་གཞག་,ཡང་དག་བཞག་
བྱིན་ཅིག་དེས་,བྱིན་ཅིག །དེས་
ཚུར་ཤེག་རེ་,ཚུར་ཤེག །རེ་
རྫོགས་པར་འགྱུར་,རྫོགས་པར་མཛད་པར་འགྱུར་
ཆེ་བ་དང,ཆེ་དང
བར་བཟོད་བ་,བར་བཟོད་པ་
སྙམ་ནས་རེ་,སྙམ་ནས། རེ་
སོམས་ཤིག་།,སོམས་ཤིག །
ཤི་,སུ་གནང་སྟེ། ལྷམ་མགུལ་ཆད་བཅང་བར་བྱའོ། །གང་གི་
ཞག་གོ་གལ་,ཞག་གོ། །གལ་
པར་བགྲང་པ་,པར་བགྲང་བ་
གྱུར་ནས་སེམས་,གྱུར་ནས། སེམས་
གྱུར་ནས་།,གྱུར་ནས། །
ཅན་སྙིང་བོར་,ཅན་སྙིང་པོར་
ལྷགས་,འོག་ཏུ་དགེ་སློང་གཉུག་མར་གནས་པ་ཆེས་མང་པོ་དག་ལྷགས་
ྦྱ,་ཀྱ
མཐོང་ནས་དེས་,མཐོང་ནས། དེས་
ནང་ནས་,ནང་ན་
དགེ་སློང་ཆོས་,དགེ་སློང་གང་དག་མ་ལྷགས་པ་དག་ཡོད་དོ་སྙམ་དུ་མི་སེམས་ཤིང་། ཆོས་
སྤྱུགས་ཤིག་རྒྱལ་,སྤྱུགས་ཤིག །རྒྱལ་
ཕྱིར་དགག་ གལ་,ཕྱིར་དགག་དབྱེ་བྱོས་ཤིག་ཅེས་བཅོམ་ལྡན་འདས་ཀྱིས་བཀའ་སྩལ་གྱིས། གལ་
ཐགས་,ཐག་
སློང་,སློབ་
ཡང་ལགས་ ལྷའི་,ཡང་ལགས་ལ། ལྷའི་
འོངས་ན་དེས་,འོངས་ན། དེས་
བདུན་ནའོ་།,བདུན་ནའོ། །
་དང་ཆོས་,་དང་། ཆོས་
མ་ཁྱེད་,མ་ཁྱོད་
ཡིན་ནོ་།,ཡིན་ནོ། །
ཅད་བྒྱིའམ,ཅད་བགྱིའམ
མཉན་ནས་དགེ་,མཉན་ནས། དགེ་
ནམ་བརྒྱད་བསྲེལ་,ནམ་བརྒྱད་སྲེལ་
བཀྲུས་ཏེ་བཅོམ་,བཀྲུས་ཏེ། བཅོམ་
འདུག་གོ་གཞོན་,འདུག་གོ། །གཞོན་
སྨྲས་པ་བཞིན་,སྨྲས་པ། བཞིན་
བྱས་པ་དང།,བྱས་པ།
བ་དང་༄༅།,བ་དང་།
བདག་གིས་སྦྱིན་,བདག་གིས་བྱིན་
བ་ལས་,བ་ལ་
ཆག་བཏང་ཕྱག་,ཆག་བཏབ། ཕྱག་
ཏྲེའི་,ཏྲཻ་
་ལྔ་པ་,་ལྔ་
ཤ་,ཥཱ་
ཡིན་ནམ་དགྲ་,ཡིན་ནམ། དགྲ་
།སངས་,།།སངས་
་ལས་དེ་,་ལས།དེ་
ལྟ་བུའི་,ལྟ་བུ་
ར་དྭ་ཙའི་,ར་དྭ་ཛའི་
ན།,ག །
བཅུག་གོ་ཡུལ་,བཅུག་གོ། །ཡུལ་
ཡིད་འོད་,ཡིད་འོང་
་གོ།,
ན་བགྲུའོ།,ན་བཀྲུའོ།
བར་གཞག་བར་,བར་གཞག་པར་
བའི་ཟོད་,བའི་ཟོང་
རྩིག་བས་,རྩིག་པས་
པོར་བསྲངས་,པོར་བསྲང་
བསང་,བསད་
བར་,བ་
བཟླས་པས་,བཟླས་པ་
ནུབ་མོ་བདག་,ནུབ་མོ།བདག་
།ཁྱོད་,ཁྱོད་
དེ་ཇི་,ཇི་
པ་དང་དེ་,པ་དང་། དེ་
ལོངས་སྤྱོད་ཕྱིན་,ལོངས་སྤྱོད་བྱིན་
བྱས་སོ།།༄༅། །,བྱས་སོ། །
པར་བྱའོ་དགེ་,པར་བྱའོ། །དགེ་
ཤེས་,ཞེས་
༑ ཞག་,། ཞག་
བར་འགྱུར་བསིལ་,བར་འགྱུར། བསིལ་
ན་པི་ཝང་,ན་པི་བང་
ཡིན་ནམ་ཐ་,ཡིན་ནམ། ཐ་
རིའི་བུས་,རིའི་བུ་
ལ་འགྲོ་འམ,ལ་འགྲོའམ
བ་དང་འབྲལ་,བ་དང་བྲལ་
པའི་ཁང་བ་,པའི་ཁང་པ་
ལྟར་ཀུན་ཏུ་,ལྟར་ཀུན་དུ་
བར་ཤོག།,བར་ཤོག
དག་ལ་ཡང་,དག་ལ་
པ་འཁྲུད་,པ་འཁྲུ་
འདྲ་བ་མགོ་,འདྲ་བ། མགོ་
ྡ་,ྔ་
སྒེག་གི་འཆི་,སྒེག་གི། །འཆི་
ཤེས་ཏེ་ཚངས་,ཤེས་ཏེ། ཚངས་
རྫོགས་པར་འགྱུར།,རྫོགས་པར་གྱུར།
ཡིན་ནམ་ཞེས་,ཡིན་ནམ། ཞེས་
ཅིང་མཐུན་བར་,ཅིང་མཐུན་པར་
ལེགས་བ་,ལེགས་པ་
མ་འཛར་,མ་འཇར་
སང་ འདུལ་,སང་ནང་པར་དགེ་སློང་མདོ་སྡེ་འཛིན་པ་དང་། འདུལ་
འཁར་,ཁར་
དགེ་སློང་,དགེ་འདུན་
ཁའམ།,ཀའམ།
བརྗོད་དོ་།,བརྗོད་དོ། །
འཁོར་པ་ལ་,འཁོར་བ་
སྟོན་པར་,སྟོན་པ་
གྲངས་ཐོབ་ཅིག,གྲངས་ཐོབ་ཤིག
སྨྲས་པ་བྲོ་,སྨྲས་པ། བྲོ་
,ཆུ་ཀླུང་གང་གཱའི་ལྷོ་ནས་ཀུན་དུ་གཅོད་པར་
བཅོ་,བཅྭ་
སློང་དག་ངས་,སློང་དགོངས་
པར་སོང་ཞིག,པར་སོང་ཤིག
འརྫོགས་,རྫོགས་
ཡོད་ཀྱིས་རེ་,ཡོད་ཀྱིས། རེ་
ཉིད་དམ་ཟ་,ཉིད་དམ། ཟ་
ཉིད་དམ་ཐ་,ཉིད་དམ། ཐ་
ཡིན་ན་ཚེ་,ཡིན་ན། ཚེ་
ཉལ་བར་ནི་མི་,ཉལ་བར་མི་
གཤེས་སམ་ཁ་,གཤེས་སམ། ཁ་
ནས་བཅད་ནས་དེ་,ནས་བཅད་དེ་
ྱོང་བཅོ་,ྱོང་བཅྭ་
སྩོལ་ཅིག་བསོད་,སྩོལ་ཅིག །བསོད་
གྱིས་མནན་ནས་,གྱིས་མནན་ཅིང་
རྣམས་ཟུང་ཞིག,རྣམས་ཟུང་ཤིག
སྐྱེས་སམ་མ་,སྐྱེས་སམ། མ་
དང་ལྡན་ ལོ་,དང་ལྡན་པ་སྟེ། ལོ་
བཅུག་སྟེ་ཐལ་,བཅུག་སྟེ། ཐལ་
བ་དང་འཁྲུག,བ་དང་། འཁྲུག
པ་དག་,པ་དག་ཡོད་དོ་སྙམ་དུ་མི་
གང་སྟེ་ལུས་,གང་སྟེ། ལུས་
༑དེས་,།དེས་
ཏ་མ་,ཏམ་
ཞུས་སོ་།,ཞུས་སོ། །
སྨྲས་པ་ཡབ་,སྨྲས་པ། ཡབ་
ལེགས་པར་བསྒྲུབ་,ལེགས་པར་སྒྲུབ་
ཞེ་ན་འདི་,ཞེ་ན། འདི་
་མདོ་གདོན་,་མདོ་འདོན་
པ་བ་ཏོན་,པ་བཏོན་
།གཞོན་,།བཞོན་
བཅུན་,བཙུན་
པོའི་བྱེད་,པོའི་བྱ་
ཚུར་སྤྱོན་འདོད་,ཚུར་སྤྱོན།འདོད་
པོ་ཆེ་སྤྱོད་,པོ་ཆེ་དཔྱོད་
་མཆོ,་མི་བྱའོ། །ཟ་ན་འགལ་ཚབས་ཅན་དུ་འགྱུར་རོ
རྒྱལ་དང་བང་,རྒྱལ་དང་པང་
རབ་ཏུ་བྱུང་,རབ་ཏུ་ཕྱུང་
ཞིག་ཤེས་ཤེ་,ཞིག་ཤེས་ཞེ་
ཕྱི་རོལ་ཏུ་,ཕྱི་རོལ་ལ་
དྲི་བར་བྱའོ།,དྲི་བར་ོ།
རྫིང་,པར་བྱེད་དེ། རྫིང་
པ་ཞེས་པའི་,བའི་
ཀྱེ་གོའུ་,ཀྱེ་གཽ་
རྩ་དགུ་པའི་,རྩ་དགུའི་
ནི་ནད་བའི་,ནི་ནད་པའི་
་ཤིང་,། ཤིང་
།ཆོས་,ཆོས་
སུ་ཞིག་ལས་,སུ་ཞིག །ལས་
རྙེད་ནས་དེ་,རྙེད་ནས། དེ་
ན་,ས་
པ་དང་ཡུལ་,པ་དང་། ཡུལ་
ཡང་བླངས་གནས་,ཡང་བླངས། གནས་
མཐོང་ནས་དེ་,མཐོང་ནས། དེ་
འོངས་ནས།,འོངས་ན།
ཁྱོད་ལ་བདག་,ཁྱོད་ལ་
སྨྲས་པ་དང།,སྨྲས་པ།
དངོས་བཙན་བར་,དངོས་བཙན་པར་
དུ་སེམས་ཏེ།,དུ་སེམས་ཤིང་།
ཤིང་ལོང་ཞིག,ཤིང་ལོང་ཤིག
ཁྱིམ་འབྲིང་བོར་,ཁྱིམ་འབྲིང་པོར་
ེ་,་
ནུས་སོ་།,ནུས་སོ། །
དུ་འོངས་བ་,དུ་འོངས་པ་
འདྲུམས་པ་འཆོས་,འདྲུམས་པ་བཅོས་
གནས་པའི་ས་,གནས་པའི་
གྲོང་བརྡལ་,གྲོང་རྡལ་
ཞེས་དེས་དེ་ལག་,ཞེས་དེས་ལག་
ིག་ཅེས་འཕྲིན་,ིག་ཅེས་ཕྲིན་
ྪོ,ཚོ
ན་གང་ལ་,ན་གང་
རྙེད་ནས་,རྙེད་ན་
པོ་བཟུང་པ་མྱ་,པོ་བཟུང་བ། མྱ་
ལས་རྩུབས་,ལས་རྩུབ་
ཏེ་༄༅།,ཏེ།
མར་རམ་འབྲུ་,མར་རམ། འབྲུ་
རིང་བར་འགྱུར་,རིང་བར་གྱུར་
པ་དག་།ཅི་,པ་དག་ཅི་
ཤིས་འཚོང་པ་,ཤིས་འཚོང་བ་
ལྡན་པ་རྣམ་,ལྡན་པ། རྣམ་
བཅུ་བྮིའམ་,བཅུ་བཞིའམ་
མ་མོ་དེས་,མ་མོས་
གདོན་པ་གདོན་,གདོན་པ་འདོན་
་དག་སྔ་,་དག །སྔ་
གི་ཕུར་བ་,གི་ཕུར་པ་
པར་ལྟ་,པར་ལྷ་
ཤོམས་ཤིག་ཕྱོགས་,ཤོམས་ཤིག །ཕྱོགས་
བཞིན་དུ་བསྒྲུབས།,བཞིན་དུ་སྒྲུབས།
གིས་ནན་ཏུར་,གིས་ནན་ཐུར་
རྣམ་པར་,རྣམ་པ་
གྱིས་ཤིག་ཅེས་,གྱིས་ཤིག །ཅེས་
སུ་ལ་ བཅོམ་,སུ་ལ་ཡང་སོ་སོར་ཐར་པ་མི་སྣང་ནས། བཅོམ་
སྟོང་དང་རྟོག་,སྟོང་དང་། རྟོག་
འདོད་པའི་,འདོད་པ་
བྱ་སྟེ་སློབ་,བྱ་སྟེ། སློབ་
གཞུག་ཅིག་ཚུལ་,གཞུག་ཅིག །ཚུལ་
སྨྲས་པ་ཁྱིམ་,སྨྲས་པ། ཁྱིམ་
འབྱིན་པ་ལྷའི་,འབྱིན་པ། ལྷའི་
བོ་ཅིག་,བོ་ཅག་
ྱོགས་,ྲོགས་
བཞུད་ཅིག་དེ,བཞུད་ཅིག །དེ
ོལ་ཏོ་།,ོལ་ཏོ། །
ཤེས་ལྡན་དག་ཁྱོད་,ཤེས་ལྡན་ཁྱོད་
ལེན་ཀུན་ཏུ་,ལེན་ཀུན་དུ་
གི་ཕྱིར་རིག་,གི་ཕྱིར། རིག་
དྲུབ་བོ་།,དྲུབ་བོ། །
བརྩམས་ན་ཁྱེའུ་,བརྩམས་ན། ཁྱེའུ་
ཁྱོད་ཀྱིས་དབྱར་,ཁྱོད་ཀྱིས་གཡར་
བཟང་པོ་,བཟང་མོ་
་འམ་,འམ་
ཀྱིས་སམ་མཚན་,ཀྱིས་སམ། མཚན་
བཞིན་དུ་བསྡུས་,བཞིན་དུ་སྡུས་
སངས་རྒྱས་བས,སངས་རྒྱས་པས
་རབ་,། རབ་
གང་དག་ལ་,གང་དག་མ་
དགའ་ཞིང་ཡིད་དགའ་,དགའ་ཞིང་དགའ་
སྨྲས་པ་སངས་,སྨྲས་པ། སངས་
་ཎཱ་,་ཎ་
༑ འདུལ་,། འདུལ་
ཟེར་རོ་ཞེས་,ཟེར་རོ། །ཞེས་
གདུང་བ་དང,གདུང་དང
པ་ཁྱེད་,པ་ཁྱོད་
དེ་དེ་དག་,དེ་དག་
ནི་དེར་,ནི་དེ་
འདུག་གོ་ཨང་,འདུག་གོ། །ཨང་
དང་ལྡན་ ཚེ་,དང་ལྡན་པ་མཽད་གལ་གྱི་བུ་ཆེན་པོའི་གན་དུ་དོང་བ་དང་། ཚེ་
ཆོམ་རྐུན་ཕ་,ཆོམ་རྐུན་པ་
ནགས་ཁྲོད་གཅིག་,ནགས་ཁྲོད་ཅིག་
སྙམ་ནས་དགེ་,སྙམ་ནས། དགེ་
བྱེད་དོ།།༄༅། །,བྱེད་དོ། །
ཅད་ཀྱིས་པོར་,ཅད་ཀྱིས་བོར་
ཕྱེད་ན་ནགས་,ཕྱེད་ན། ནགས་
དེ་ནི་འཇལ་,དེ་ནི་མཇལ་
མི་གཞུག།,མི་གཞུག
སློང་མོའུ་ད,སློང་མཽད
འདུག་གོ་ཀུན་,འདུག་གོ། །ཀུན་
རྣམས་དང་ཡི་,རྣམས་དང་། ཡི་
ལྟོས་ཤིག་དེ་,ལྟོས་ཤིག །དེ་
༑རྩེ་,།རྩེ་
དངུལ་ལེན་,དངུལ་ལན་
ན་,རེ་ཞིག་བྱེའུ་ཁུག་རྟ་ཡང་དབྱར་ཟླ་བ་བཞི་རང་གི་ཚང་ན་
མོ་ལ་བཟ,མོ་ལ་གཟ
༑ དགེ་,། དགེ་
མིང་ཤར་པ་,མིང་ཤར་བ་
མཉམ་ བརྩོན་,མཉམ་པ། བརྩོན་
ལྟར་བསྒྲུབ་བར་,ལྟར་བསྒྲུབ་པར་
པོ་ཆེ་པའི་,པོ་ཆེའི་
རྗེ,ཞེ
འདིར་བ་དག་,འདིར་བདག་
ཆུ་ཟེར་བ་,ཆུ་ཟེར་
འགྱུར་གྱི་མ་,འགྱུར་གྱི། མ་
ཁྲིག་ཏུ་།,ཁྲིག་ཏུ། །
བརྟན་པོར་,བརྟན་པོ་
ཡི,ཟོང་སྟ་གོན་བྱོས་ཤི
སྐད་ཅེས་ཚེ་,སྐད་ཅེས། ཚེ་
བསེང་པར་,བསེང་པོ་
ཐོབ་བོ་།,ཐོབ་བོ། །
འདུག་པར་ ཁྲོ་,འདུག་པར་བྱེད། ཁྲོ་
བཅུ་གཉིས་ལོན་ནའོ།,བཅུ་གཉིས་ནའོ།
ཞུགས་པ་ལམ་,ཞུགས་པ། ལམ་
གང་ཡིན་ཕན་,གང་ཡིན། ཕན་
བརྡུངས་,རྡུངས་
གཏིང་སླེབས་,གཏིང་སླེབ་
འཛིན་པ་དང་མ་,འཛིན་པ། མ་
གཞན་ཡང་མུ་,གཞན་མུ་
གྱིས་ཤིག་དགེ་,གྱིས་ཤིག །དགེ་
་ར་,ར་
འཐབ་,ཐབ་
ཏེ་ཀློག་དེ་,ཏེ་ཀློག །དེ་
པོ་དང་སེར་,པོ་དང་། སེར་
པ་གདོན་ཕར་,པ་གདོན་དུ་
དག་ལྷགས་པ་,དག་ལྷགས་
མིག་ལམ་དུ་,མིག་ལམ་ན་
དེས་,དེ་
སྦྱིན་དང།,།
འདི་ །,འདི་ནི་དགེ་བསྙེན་གྱི་བྱ་བ་ཡིན་ནོ། །
ཤིང་པདྨ་,ཤིང་པད་མ་
ཀླུང་གངྒཱའི་,ཀླུང་གང་གཱའི་
ཡིན་ནོ།,ཡིན་ན།
གཞི་བྱེད་བ་,གཞི་བྱེད་པ་
བསྒོ་ནས་དགེ་,བསྒོ་ནས། དགེ་
འདི་མགུ་བར་དཀའ་,འདི་མགུ་དཀའ་
གྱིས་ཤིག་།,གྱིས་ཤིག །
པ་བསད་བ་,པ་བསད་པ་
ལས་སམ་ཕྱིར་,ལས་སམ། ཕྱིར་
གསེར་གྱི་འཁར་,གསེར་གྱི་ཁར་
ཆོས་ཅན་ཡིན་ནོ།,ཆོས་ཅན་ནོ།
ཝ་,ལྦ་
བསགས་པས་ཤཱ་,བསགས་པས། ཤཱ་
ཡིན་ཏེ་གང་,ཡིན་ཏེ། གང་
འདུ་ཤེས་,འདུ་ཤེས་ཅན་
དགུ་བཅུ་བའི་,དགུ་བཅུ་པའི་
དེའི་མཛའ་ ཁྱོད་,དེའི་མཛའ་བཤེས་དང་ཉེ་དུ་དང་གཉེན་རྣམས་ཀྱིས་སྨྲས་པ། ཁྱོད་
ཐོས་ན་དེ་,ཐོས་ན། དེ་
གྱིས་ཤིག་ཇི་,གྱིས་ཤིག །ཇི་
་མཆོང་བར་,་
སྨྲ་བ་བསལ་,སྨྲ་བ་གསལ་
སྨྲས་པ་སྲིང་,སྨྲས་པ། སྲིང་
སྤོང་བ་པའི་,སྤོང་བའི་
སྨྲས་པ་དེ་,སྨྲས་པ། དེ་
བཞུགས་ཤིག་འཕགས་,བཞུགས་ཤིག །འཕགས་
རྩི་བཅིར་,རྩི་བཙིར་
རྣམས་དང་གནས་,རྣམས་དང་། གནས་
མདུན་དུ་འགྱེས་,མདུན་དུ་དགྱེས་
སང་ནང་བར་,སང་ནང་པར་
མ་རུངས་,མ་རུང་
གསུམ་གྱིས་,གསུམ་གྱི་
ལྟ་བུ་འཐོབ་,ལྟ་བུ་ཐོབ་
བྱ་སྟེ་༄༅།,བྱ་སྟེ།
པ་ལགས་ལྷོ་,པ་ལགས། ལྷོ་
ཕྱོགས་བཞིར་ཕྱེར་,ཕྱོགས་བཞིར་བྱེར་
བདག་གི་མིང་,བདག་མིང་
ཀྱིས་ལོངས་,ཀྱིས་ལོང་
ཆེན་པོ་འཐོབ་,ཆེན་པོ་ཐོབ་
ལགས་སོ་ཞེས་,ལགས་སོ། །ཞེས་
བ་གཞི་བམ་,བ་གཞི། བམ་
འཁུར་,ཁུར་
བ་དང་ཀུན་,བ་དང་། ཀུན་
དུ་འགྱུར་རོ།,དུ་འགྱུར་ཏེ།
ཉེ་དགའ་,ཉེ་དགར་
འདོད་,འདོང་
ཟེས་བྱས་,ཟེས་བྱ་
༑ སུ་,། སུ་
སུ་བཅས་,སུ་བཅད་
ཡང་,ཀྱང་
ཞེ་ན་ཚུལ་,ཞེ་ན། ཚུལ་
གནས་པས་,གནས་པར་
ཐུག་པས་གལ་,ཐུག་པས། གལ་
པ་འགའ་ཡང་མཐོང་,པ་འགའ་མཐོང་
ཉོན་ཅིག་དེ་,ཉོན་ཅིག །དེ་
ནད་པ་བསོ་,ནད་པ་གསོ་
ཁང་དེའི་ནང་དུ་,ཁང་དུ་
ཅན་དམྱལ་བའི་ནང་དུ་རྣམ་པར་བལྟ་བར་,བར་
གིས་བསྙེན་,བསྙེན་
རྟ་ལ་ཞོན་,རྟ་བཞོན་
འབྱུང་,བྱུང་
སྐྱོལ་ཅིག་དེ་,སྐྱོལ་ཅིག །དེ་
དངོས་པོར་,དངོས་པོ་
དག་གི་ས་,དག་གིས་
པ་དག་རྣམ་,པ་དག །རྣམ་
ཏེ་ཇི་,ཏེ་ཇེ་
,ཆད་དྲི་བ་གསོལ་བའི་ལས་སོ།།
དག་འདྲེག་,དག་འབྲེག་
སྩལ་ཏོ།,སྩལ་ཏེ།
ཐག་རིང་པོ་,ཐག་རིང་བ་
འགྱུར་བའོ་།,འགྱུར་བའོ། །
རིག་,རི་
པར་མ་ནོད་,པར་མནོད་
སྲོག་དང་དབྲལ་,སྲོག་དང་འབྲལ་
སོ་སོ་ །,སོ་སོ་ཡང་དག་པར་རིག་པ་ཐོབ་པ་རྣམས་ཀྱི་མཆོག་ཏུ་བསྟན་ཏོ། །
སུ་ཁྲ་,སུ་ཁྭ་
བཅས་པར་,བཅས་པ་
༑ འཕགས་,། འཕགས་
ལ་,ན་
འདུན་ལ་ །,འདུན་ལ་དབྱར་གྱི་གནས་མལ་སྟོབས་སོ། །
དམ་པ་མ་ཡིན་,དམ་པ་ཡིན་
ལགས་ལ་བདག་དགེ་,ལགས་ལ། དགེ་
བཀའ་སྩལ་ཀྱིས,བཀའ་སྩལ་གྱིས
པོ་ལ་ལུས་,པོ་ལུས་
ཀྱི་གནས་ ཉེ་,ཀྱི་གནས་གང་ལགས། ཉེ་
ནི་མི་,ནི་མ་
སོར་བརྟགས་,སོར་བརྟག་
ནས་སད་,ནས་སང་
དང་དུས་།,དང་དུས། །
ནི་དགེ་སློང་,ནི་དགེ་འདུན་
དུ་ཕུལ་ལ།,དུ་ཕུལ།
སྨྲོས་ཤིག།,སྨྲོས་ཤིག
མི་བརྡེགས་,མི་བརྡེག་
ཞིག་ན་འཁུར་,ཞིག་ན་ཁུར་
་པ་།,་པ། །
ལྡན་དག་།ཤཱཀྱའི་,ལྡན་དག་ཤཱཀྱའི་
རྩྭ་དང་ ང་,རྩྭ་དང་ཆས་སྟ་གོན་གྱིས་ཤིག་དང་། ང་
འོངས་ཏེ་བཟོད་,འོངས་ཏེ། བཟོད་
དོང་ནས་དེད་,དོང་ནས། དེད་
ཡོད་ན་དགེ་,ཡོད་ན། དགེ་
མཐོང་བས་གནས་,མཐོང་བས། གནས་
ད་,ང་
པ་ན་དེ་,པ་ན། དེ་
ར་,་
ཉིད་དམ་རྐུ་,ཉིད་དམ། རྐུ་
རིང་བ་དང།,རིང་བ།
པར་སྒྲོའམ།,པར་སྤྲོའམ།
དབྱུང་བའམ་སྡིག་,དབྱུང་བའམ། སྡིག་
ཡིན་ནམ་དུད་,ཡིན་ནམ། དུད་
མལ་ཡང་ཐོག་,མལ་ཡང་ཏོག་
བ་དག་,བ་དང་
པར་འགྱུར་བའི་,པར་འགྱུར་པའི་
འཆིང་བ་ཐམ,འཆིང་བ་མ
སྐད་སྨྲས་,སྐད་སྨྲ་
ཡང་གཤེར་པར་,ཡང་གཤེར་བར་
དེས་,བར་འདོད་པ་འོངས་ན། དེས་
པའི་པདྨ་,པའི་པད་མ་
པར་བརྩམས་བ་,པར་བརྩམས་པ་
སློང་ རྟིང་,སློང་གཉུག་མར་གནས་པ་དག་གི་ཁར་བའི་སྒྲ་དང་། རྟིང་
གནས་པར་,གནས་པར་སྒྲུབ་པ་དང་།
དུད་འགྲོ་རྣམས་,དུད་འགྲོ་དག་
ཚང་བཅའ་,ཚང་བཅས་
འོག་ཏུ་,འོག་ཏུ་དགེ་སློང་གློ་བུར་དུ་འོངས་
སོ་སོར་ཐར་བའི་,སོ་སོར་པའི་
ལྟ་བུས་,ལྟ་བུར་
བཀའ་སྩལ་བ༑ སྒོ་,བཀའ་སྩལ་པ། སྒོ་
སྣང་གི་སྲིན་,སྣང་གི། སྲིན་
གཉིས་,གཉིས་ཚེ་དང་ལྡན་
༑བུ་,།བུ་
བ་འགག་སྐྱེ་,བ་འགག །སྐྱེ་
དགེ་,འདུན་གྱི་དགེ་
མ་གླེང་ཞིག,མ་གླེང་ཤིག
སུ་སྤང་པས་,སུ་སྤང་བས་
༑བརྗོད་,།བརྗོད་
སྩལ་ནས་༄༅།,སྩལ་ནས།
ནི་ནུབ་ཀྱ,ནི་ནུབ་ཕྱ
ཡིན་པས་དེ་,ཡིན་པས། དེ་
བསྐོ་པ་,བསྐོ་བ་
མཚན་མའམ་རྩིག་,མཚན་མའམ། རྩིག་
བལྟ་,ལྟ་
ཞིག་བྱས་ཉོན་,ཞིག་བྱས། ཉོན་
ས་,་དག་
འཛེགས་ནས་དེས་,འཛེགས་ནས་སླར་མཆི་བའི་བར་དུ་རེ་ཞིག་གཞེས་ཤིག་དེས་
ཆེ་,ཚེ་
གཅིས་མི་,གཅིས་མ་
བ་མ་དུལ་,བ་མ་རུལ་
ཆོས་ཤིག་བདག་,ཆོས་ཤིག །བདག་
པར་བྱ་སྟེ།,པར་བྱའོ།
བར་བྒྱིའམ།,བར་བགྱིའམ།
་སྲིང་,། སྲིང་
ཏོད་པའོ་།,ཏོད་པའོ། །
བརྡལ་,རྡལ་
ལས་སོ་།,ལས་སོ། །
དྲོ་ཤམས་,དྲོ་ཤམ་
དག་གིས་བཅད་,དག་གིས་གཅད་
ལུས་ཀྱང་ངལ་,ལུས་ཀྱང་དལ་
པོར་,སོར་
རིགས་ཀྱི་བརྒྱུད་,རིགས་ཀྱི་རྒྱུད་
ཅི་འོ་སྐོལ་,ཅི་སྐོལ་
ཅིག་དྲིའི།,ཅིག་དྲིས།
སྣམ་སྦྱར་གྱི་རྒྱུ་,སྣམ་སྦྱར་རྒྱུ་
རྟེན་རྒྱང་པན་,རྟེན་རྒྱང་འཕེན་
བའི་རྒྱལ་བོར་,བའི་རྒྱལ་པོར་
རུང་སྟེ་ཡུལ་,རུང་སྟེ། ཡུལ་
་དེས་,། དེས་
ཀྱིས་ཁེ་,ཀྱིས་ཁོ་
རུང་ངམ་འོན་,རུང་ངམ། འོན་
,སློང་གཉུག་མར་གནས་པ་
བ་ཆགས་,བ་ཆག་
བྲམ་ཟེའི་,བྲམ་ཟེ་
བུ་ཐོབ་པོ་,བུ་ཐོབ་བོ་
བཞིན་ཏེ་དེས་,བཞིན་ཏེ། དེས་
པ་འདི་ཡོངས་,པ་འདི་འོངས་
གཡོན་པར་བརྟེན་,གཡོན་པར་རྟེན་
པ་དེས་ཡང་,པ་དེས། ཡང་
བར་སོང་ཞིག,བར་སོང་ཤིག
དེ་ནས་,དེ་ན་
ི་,་
མེད་དོ་།,མེད་དོ། །
སྐད་དུ་དུ་,སྐད་དུ་ངུ་
ཤོམ་པ་ལ་,ཤོམ་པ་
ྨ་,་མ་
།ལྟེ་,ལྟེ་
ལེགས་སོ་ཞེས་,ལེགས་སོ། །ཞེས་
ཁྲི་བཅས་པས་,ཁྲི་བཅས་ནས་
དུ་རུལ་བ་,དུ་རུལ་པ་
སྲུངས་ཤིག་ཁྱིམ་,སྲུངས་ཤིག །ཁྱིམ་
ནི་འཆི་པ་,ནི་འཆི་བ་
བཞུས་,གཞུས་
ཚུར་ཤེག་དེ་,ཚུར་ཤེག །དེ་
གྱིས་ནན་ཏུར་,གྱིས་ནན་ཐུར་
སྤོང་བར་,སྤོང་བ་
ལྔ་དག་དང་,ལྔ་དང་
ལོགས་སུ་ བཅོམ་,ལོགས་སུ་ཐལ་མོ་སྦྱར་བ་བཏུད་དེ། བཅོམ་
ནུས་ཀྱིས་དགེ་,ནུས་ཀྱིས། དགེ་
འཕགས་པ་འདི་དག་ནི་མི་མཛེས་,འཕགས་པ་ཞེས་
བཅད་པ་བཀའ་,བཅད་པ་
སྨྲས་པ་མཚན་,སྨྲས་པ། མཚན་
སྨྲ་སྟེ་སྦྱིན་,སྨྲ་སྟེ། སྦྱིན་
ཏུ་གནས་བསྲུང་,ཏུ་གནས་སྲུང་
སར་,ཡར་
་རྒན་,།རྒན་
སྐྱེས་,རྟེན་མཁྱེན་པ། སྐྱེས་
གྱུར་ཏེ་དེས་,གྱུར་ཏེ། དེས་
ཀྱར་ཀྱོར་,ཀྱར་ཁྱོར་
མཐུན་པའི་ཕྱོགས་ཆོས་,མཐུན་པའི་ཆོས་
བྱས་ཏེ་ལས་,བྱས་ཏེ། ལས་
གཉིས་ཀྱིས་,གཉིས་ཀྱི་
འགྲོགས་,གྲོགས་
བུ་ཀུན་ཏུ་,བུ་ཀུན་དུ་
བྱས་ནས་ཚེ་,བྱས་ནས། ཚེ་
བཞི་པ་གླང་,བཞི་པ། གླང་
གཡས་པར་བརྟེན་,གཡས་པར་རྟེན་
བྲལ་བ་ འགོག་,བྲལ་བ་དང་། འགོག་
དེས་,དེས་བསམས་པ།
བྱོན་ནས་གཙུག་,བྱོན་ནས། གཙུག་
ེས་,ིས་
ཤི་འཕོས་གང་,ཤི་འཕོས། གང་
ཞེས་སྤྲིང་ན།,ཞེས་སྤྲིང་ལ།
ོ་,ྭ་
ཁྱེའུ་འདིའི་,ཁྱེའུའི་
བ་དེར་སོང་,བ་དེར་དོང་
ཆེ་བ་ཡོངས་,ཆེ་བ། ཡོངས་
གནས་,དུ་འོངས་
ཆེ་བ་འདི་,ཆེ་བ། འདི་
བས་བགྱིས་,བས་བགྱི་
རྒྱས་པ་བདེ་,རྒྱས་པ།བདེ་
བཞག་གོ་གང་,བཞག་གོ། །གང་
ཅན་ཀུན་ཏུ་,ཅན་ཀུན་དུ་
ལྷག་གོ་དེ་,ལྷག་གོ། །དེ་
དུས་ཕྱིས་,དུས་ཕྱི་
བཙས་ལ་ངན་,བཙས་ལ། ངན་
མི་བྱའོ་།,མི་བྱའོ། །
བྱིན་ཅིག་སྡོམ་,བྱིན་ཅིག། །།སྡོམ་
་ཇི་,།ཇི་
ཁྱམས་སུ་འདོན་,ཁྱམས་སུ་གདོན་
དག་མ་ ཆོས་,དག་མ་ལྷགས་པ་དག་ཡོད་དོ་སྙམ་དུ་མི་སེམས་ཤིང་། ཆོས་
གྱི་ཚོགས་ཅུང་,གྱི་ཚོགས་ཆུང་
ལ་བརྟེན་ཏེ་གནས་,ལ་བརྟེན་ནས་
མཉམ་པ་ དེ་,མཉམ་པ་དག་ལྷགས་ན། དེ་
འདི་ཟློག་ཅིག,འདི་ཟློག་ཤིག
བརྟེན་,སྟེན་
དག་གིས་ཡང་,དག་གིས་ཀྱང་
སྐྱེད་སུས་,སྐྱེད་སུ་
མི་འྡུ,མི་འདུ
གཡོན་པ་ལ་,གཡོན་པར་
འདིའི་མིང་བད་,འདིའི་མིང་པང་
གཞིག་སྟེ་དཀྱིལ་,གཞིག་སྟེ། དཀྱིལ་
བྱ་སྟེ་དེང་,བྱ་སྟེ། དེང་
རྫོགས་པའི་,རྫོགས་པ་
པ་དེ་དག་,པ་དག་
ཆེར་བརྡུངས་བ་,ཆེར་བརྡུངས་པ་
སྦྱོང་དང་དགག་,སྦྱོང་དང་། དགག་
ཚོམ་,ཙོམ་
བྱེད་ཀྱི་མི་,བྱེད་ཀྱི། མི་
རྣམས་ཀྱིས་ཨེ་,རྣམས་ཀྱིས། ཨེ་
ཡང་རྐྱལ་པ་,ཡང་རྐྱལ་བ་
པ་ན་ས་,པ་ནས་
པོ་ཀྲི་,པོ་ཀྲྀ་
དུ་སེམས་བསྐྱེད་,དུ་སེམས་སྐྱེད་
དག་བརྗོད་ དགེ་,དག་བརྗོད་པར་བྱ་སྟེ། དགེ་
པ་སྟེ་ལུས་,པ་སྟེ། ལུས་
བཞོན་པས་གཏང་,བཞོན་པས་བཏང་
དུ་སྐྱ་ ཉམ་,དུ་སྐྱ་བོ་བསེང་བསེང་པོ། །རིད་པ་དང་། ཉམ་
པ་ཤས་ །,པ་ཤས་ཆེན་པོ་བསྒྲུབ་པར་བྱའོ། །
ཅིག་སྐྱེས་བ་,ཅིག་སྐྱེས་པ་
ན་ཀུན་ཏུ་,ན་ཀུན་དུ་
སྙོམས་བཞེད་,སྙོམས་བཞེས་
ལྷོགས་ཤིག་གཉིས་,ལྷོགས་ཤིག །གཉིས་
གཤེགས་པ་འང་,གཤེགས་པའང་
པོ་ཞིག་འཁར་,པོ་ཞིག་ཁར་
གྱ་ནོམ་བ་,གྱ་ནོམ་པ་
དག་གོ་དེ་,དག་གོ། །དེ་
བཞིན་དུ་བདག་,བཞིན་དུ། བདག་
རྒྱལ་པོའི་སྟན་,རྒྱལ་པོའི་གདན་
འདོར་,དོར་
མཐུ་ཆེ་ཆེར་,མཐུ་ཆེ་བར་
འོས་སོ་།,འོས་སོ། །
འཁོད་དོ་།,འཁོད་དོ། །
གསུངས་ནས་འོན་,གསུངས་ན། འོན་
སྡུག་པ་ཡིད་,སྡུག་པ། ཡིད་
ཉོན་ཅིག་གནས་,ཉོན་ཅིག །གནས་
དེ་དག་གིས་,དེ་དག་
༑ཅིའི་,།ཅིའི་
༑ ལག་,། ལག་
ཡིན་པའོ་།,ཡིན་པའོ། །
ིག་,ག་
སྦྱིན་ནམ་སུ་,སྦྱིན་ནམ། སུ་
ཝས་,བཞིན་དུ་ལན་གཉིས་ལན་གསུམ་དུ་བརྗོད་དོ། །འཚོ་བའི་བར་དུ་བཅང་བ་བྱིན་གྱིས་བརླབ་པ་ཇི་ལྟ་བ་དེ་བཞིན་དུ་ཐུན་ཚོད་དུ་རུང་བ་དང་། ཞག་བདུན་པ་ཡང་བྱིན་གྱིས་བརླབ་པར་བྱའོ། །གླེང་གཞི་ནི་མཉན་ཡོད་ནའོ། །དེ་ནས་
ས་,་ན་
འདོད་དམ་དེས་,འདོད་དམ། དེས་
ལ་དབྱིག་,ལ་དབྱི་
སྟོན་པ་སངས་,སྟོན་པ། སངས་
ིང་འདུག་མཁན་,ིང་འདུག །མཁན་
སྙིང་པོ་ རྒྱལ་,སྙིང་པོ་ག་ལ་བ་དེར་སོང་སྟེ་ཕྱིན་ནས། རྒྱལ་
ལ་ད་ག་,ལ་དག་
༑ མངལ་,། མངལ་
བཀའ་སྩལ་ཀྱིས།,བཀའ་སྩལ་གྱིས།
བྲམ་ཟེས་,བྲམ་ཟེ་
ེག་དགའ་,ེག་དཀའ་
པ་མ་བ,བ
ཅག་ལ་དབྱར་,ཅག་ལ་གཡར་
མ་ཡིན་འགྲེང་,མ་ཡིན།འགྲེང་
ལགས་ན་ལྷ་,ལགས་ན། ལྷ་
བྱའི་བགྲོད་བར་,བྱའི་བགྲོད་པར་
ཆགས་པར་འགྱུར་,ཆགས་པར་གྱུར་
གྱིས་བརླབ་བར་,གྱིས་བརླབ་པར་
སྒྲ་དང་རྟིང་,སྒྲ་དང་། རྟིང་
ིད་,ས་
ཅན་དུ་ །,ཅན་དུ་འགྱུར་རོ། །
དབང་བྱས་བར་,དབང་བྱས་པར་
༑བདག་,།བདག་
གྱུར་ཀྱང་,གྱུར་ཀྱང་རུང་།
མོ་ནམ་ལངས་,མོ་ནམ་ནངས་
པར་ནི་འཁར་,པར་ནི་ཁར་
མིང་ཅི་ཁྱོད་,མིང་ཅི། ཁྱོད་
བུ་ཏྲེའི་,བུ་ཏྲཻ་
འདི་སྐད་ཅེས་སྨྲ་,འདི་སྐད་སྨྲ་
ལུགས་དེ་,ལུགས་གང་གིས་བཅོམ་ལྡན་འདས་ཀྱི་སྤྱན་སྔར་འོངས་པའི་ཆ་ལུགས་དེ་
ཐོས་ནས་ཉེ་,ཐོས་ནས་དེ་
མར་འགྲོ་པ་,མར་འགྲོ་བ་
དམིགས་,དམིགས་གང་ཅི་བྱུང་བ་དེ་ནི་དགེ་སློང་དག་
པར་གྱུར་ དེ་,པར་གྱུར་པ་ན། དེ་
གྱི་བརྩིགས་,གྱི་བཙུགས་
བ་ལ་བཟོ་,བ་ལ་གཟོ་
དག་གིས་མཐོ་,དག་གིས་ཐོ་
ཡིན་ཏེ་ལྔ་,ཡིན་ཏེ། ལྔ་
གཉིས་དང་རྩེ,གཉིས་དང་། རྩེ
འོར་ཅིག་བཅོམ་,འོར་ཅིག །བཅོམ་
ས་དགེ་,། དགེ་
གཏོད་,བཏོད་
ཕྱིར་ཟློག་,ཕྱིར་ལྡོག་
ས་,་ལ་
གྲོང་བའི་,གྲོང་པའི་
ནས་ཟུང་ཞིག,ནས་ཟུང་ཤིག
སུ་གསོལ་བདག་,སུ་གསོལ། བདག་
གྱིས་བརླབས་ཏེ་,གྱིས་བརླབས་ལ་
ཁྱིམ་བདག་གཅིག་,ཁྱིམ་བདག་ཅིག་
་ལགས་,་ལགས་སོ།
དེ་ཇི་,ཅི་
༑དུད་,།དུད་
ལྷན་ཅིག་ཏུ་གསོ་,ལྷན་ཅིག་གསོ་
ཅག་རྫས་འཁོས་,ཅག་རྫས་མཁོས་
ཐབས་ཅིག་ཏུ་རྒྱ་,ཐབས་ཅིག་རྒྱ་
བཏང་ནས་འཕགས་,བཏང་ནས། འཕགས་
གཅིག,ཤིག
ཡང་རུང་བ་,ཡང་རུང་
པ་དག་དགེ་སློང་མ་བསྙེན་,པ་དག་བསྙེན་
སྨྲས་ཀྱི་ཆེ་,སྨྲས་ཀྱི། ཆེ་
་ལཾ།,་ལྡན་པ་གང་པོ་ལ་དྲིས་པ།
ཧེ,པོ་བཟོ་སྦྱངས་གཟུགས་ཅན་སྙིང་པོས་བཅོམ་ལྡན་འདས་ཡུལ་མ་ག་དྷཱའི་ལྗོངས་རྒྱུ་ཞིང་གཤེ
་ཡིན་པས་,ས་
འགྱུར་རོ༑ །,འགྱུར་རོ། །
གཞེས་ཤིག་དེས་,གཞེས་ཤིག །དེས་
ཀྱིས་,གིས་
ལ་མི་བཟོ།,ལ་མི་གཟོ།
གཏོགས་པའོ་།,གཏོགས་པའོ། །
ལྟ་སྟེ་བསྡིགས་,ལྟ་སྟེ། བསྡིགས་
སོང་སྟེ་དགེ་,སོང་སྟེ། དགེ་
སྤངས་ཏེ་།,སྤངས་ཏེ། །
ཞུ་བའོ་།,ཞུ་བའོ།། །།
༑ བཙུན་,། བཙུན་
་རྒན་,། རྒན་
ཕྱག་འཚལ་པ་,ཕྱག་འཚལ་བ་
བའི་ཕྱིར་དགེ་,བའི་ཕྱིར། དགེ་
ལས་བསླངས་,ལས་བསླང་
ཞིག་གི་ཆེའོ།,ཞིག་གི་ཚེའོ།
ལྟོས་ཤིག་བཙུན་པ་ཉེ་དགའ།,ལྟོས་ཤིག །
བྱེད་དོ་།,བྱེད་དོ། །
པས,བས
དེས་ གཙུག་,དེས་སྨྲས་པ། གཙུག་
།དེ,།ཚེ
པ་ཡིན་ཏེ།,པ་ཡིན་ནོ།
་བསམས་,་བསམ་
ཅིར་གདགས་ཤེས་,ཅིར་གདགས་ཞེས་
ཏུ་འབྱིན་བར་,ཏུ་འབྱིན་པར་
བྱ་བས་རྒྱལ་,བྱ་བས། རྒྱལ་
གཅིག་དེ་དང་,གཅིག་དང་
དུ་འཇུག་,དུ་འཇུད་
རྟེན་རྒྱང་པ་ན་,རྟེན་རྒྱང་འཕེན་
འཕྱོ་བ་དྲང་,འཕྱོ་བ། དྲང་
བཞག་གོ་དེས་,བཞག་གོ། །དེས་
དར་བྱས་བ་,དར་བྱས། བ་
མེད་ལ་ཁྲེལ་,མེད་ལ། ཁྲེལ་
ཞེས་བཀང་,ཞེས་བཀའ་
པོ་ལས་ དེའི་,པོ་ལས་ཉམས་པར་འགྱུར་ཏེ། དེའི་
ཕུབ་,བུབ་
ན་འགལ་ཆབས་,ན་འགལ་ཚབས་
འམ།,མ།
སྙམ་ནས་ཡིད་,སྙམ་ནས། ཡིད་
,ལྟར་གསེར་གླིང་ན་
ཞྭ་དང་ལྷམ་,ཞྭ་དང་། ལྷམ་
རི་དྭགས་,རི་དགས་
སྡུད་པ་བཟློག།,སྡུད་པ་ཟློག།
ཡང་ཡིད་,ཡང་ཡི་
ཡུལ་གྱི་མི་,ཡུལ་མི་
དེར་,དེ་
ས་གཞག་,ས་བཞག་
ིད་,ེད་
དུ་སྩལ་རྒྱལ་,དུ་སྩལ། རྒྱལ་
མི་མཐུན་ དགག་,མི་མཐུན་པ་གཅིག་གང་ཞེ་ན། དགག་
སོར་བཤགས་བས,སོར་བཤགས་པས
མཛོད་ཅིག་ཁྱོད་,མཛོད་ཅིག །ཁྱོད་
གི་དངོས་ བཙུན་,གི་དངོས་པོར་བསྙེན་པར་རྫོགས་པར་བྱེད་དམ། བཙུན་
མདོ་གདོན་ དགེ་,མདོ་གདོན་པ་གདོན་པར་བྱ་སྟེ། དགེ་
བཏང་སྟེ་ཚེ་,བཏང་སྟེ། ཚེ་
ན་ནི་མགྲོན་,ན་ནི་འགྲོན་
རིང་པོ་པ་,རིང་པོ་ཕ་
བརྩེ་བས་,བརྩེ་བ་
གསུངས་པས་དེ་,གསུངས་པས། དེ་
ོས་,ེས་
།ཆུའི་,ཆུའི་
།འཁོར་,།སངས་རྒྱས་བཅོམ་ལྡན་འདས་ལ་ཚེ་དང་ལྡན་པ་ཉེ་བ་འཁོར་
པར་བགྱི་ས,པར་བགྱིས
ས་བདག་ཧ་,ས་བདག །ཧ་
ཡིན་ཏེ་ཡང་,ཡིན་ཏེ། ཡང་
བ་,པོ་
་ཉིད་།,་ཉིད། །
མི་འདོད་,མི་འདོང་
ཅིག,ཤིག
ཀླུ་དེ་,ཀླུ་ད་
།ཁྱོད་,།བུ་གཞོན་ནུ་པང་ནས་སྐྱེས་ཚུར་ཤོག་ཁྱོད་
ཡོད་དེ་ལྔ་,ཡོད་དེ། ལྔ་
སྨོས་ཀྱིས།,སྨོས་ཀྱི།
མཛོད་ཅིག་ཞི་,མཛོད་ཅིག །ཞི་
གི་ཆོས་འདི་,གི་ཆོས་ནི་
་༄༅། །,།
་བ་,བ་
ཟོས་ཤིང་ཟོས་ཤིང་འོང་,ཟོས་ཤིང་འོང་
མི་བྱེད་ན་,མི་བྱེད།ན་
གོན་གྱིས་,གོན་གྱི་
ངན་འདའ་,ངན་འདས་
པའི་དུས་འདི་,པའི་དུས། འདི་
་ཟོང་བསྒྱུར་,་ཟོང་སྒྱུར་
ད་ཀྭའི་,ད་ཀའི་
བཅུ་བྮིའམ,བཅུ་བཞིའམ
མི་འགྱུར་གྱི།,མི་འགྱུར།
འཁོར་མ་བྱིན་,འཁོར་མ་སྦྱིན་
རྒྱལ་གྱི་པུ་,རྒྱལ་གྱི་བུ་
བུས་ཀུན་ཏུ་,བུས་ཀུན་དུ་
མཁྱེན་པ་སྐྱེས་,མཁྱེན་པ། སྐྱེས་
ཕྱག་གིས་,ཕྱག་གི་
འདུས་ལ་,འདུས་པ་ཆེན་པོ་ནི་དབྱར་ཟླ་འབྲིང་པོའི་དབྱར་ཉེ་བར་སྒྲུབ་པ་ལ་
ལྟ་སྟེ་ཀུན་,ལྟ་སྟེ།ཀུན་
བཞིན་དུ་བཏང་,བཞིན་དུ་གཏང་
སྩལ་ནས།,སྩལ་ན།
དེ་དག་ཀླད་,དེ་དག་གླད་
པོ་དག་དུ་,པོ་དག་ངུ་
མཛོད་ཅིག་།,མཛོད་ཅིག །
པོར་གྱུར་བ་,པོར་གྱུར་པ་
ལུས་པར་ཡོངས་སུ་ཟད་,ལུས་པར་ཟད་
།རེས་,རེས་
དཔོན་ནོ་།,དཔོན་ནོ། །
ལ་རེག་བར་,ལ་རེག་པར་
མཁས་པ་ལེ་,མཁས་པ། ལེ་
བསྡད་དོ་།,བསྡད་དོ། །
སྨིན་པ་འདི་ནི་,སྨིན་པ་ནི་
ནི་བདག་ཅག་གི་,ནི་བདག་གི་
བཀང་ནས་མེད་,བཀང་ནས་དེ་རྗེས་སུ་མཐུན་པའི་རླུང་གིས་བདས་ཏེ་གྲུ་བོ་ཆེ་ཉེ་ཞོ་མེད་
ཀྱི་ཚོང་བ་,ཀྱི་ཚོང་པ་
ག་དཧའི་,ག་དྷཱའི་
༑དེ་,།དེ་
ཕྲིན་པ་བཏང་,ཕྲིན་པ་གཏང་
པའི་ཤུལ་ནི་,པའི་ཤུལ་ཡང་
བྱིན་ཅིག།,བྱིན་ཅིག
ཇི་,ཉིད་ཇི་
དག་ནི་ལྟ་,དག་ནི་བལྟ་
བྱེད་ཅིང་ དགེ་,བྱེད་ཅིང་སོ་སོར་ཐར་པའི་མདོ་གདོན་པ་འདོན་པར་བྱེད་ན། དགེ་
པ་དང་བུད་,པ་དང་། བུད་
ཀུན་ ཀུན་,ཀུན་དུ་སྩོགས་པ་མེད་པར་མི་འགྱུར་བ་དང་། ཀུན་
ྦ་,ོལ་དུ་ཞབས་གཉིས་བཀྲུས་ཏེ། གཙུག་ལག་ཁང་དུ་ཞུགས་ནས་གདན་བཤམས་པ་ཉིད་ལ་བཞུགས་ཏེ། སྐུ་དྲང་པོར་བསྲང་ནས་དགོངས་པ་མངོན་དུ་ཕྱོགས་པར་བཞག་གོ། །ཇི་ཙམ་ན་བཅོམ་ལྡན་འདས་ཀྱིས་མངོན་པར་འདུ་བྱེད་པ་དང་བཅས་པའི་ཞབས་ཀྱིས་དྲི་གཙང་ཁང་དུ་བཞག་པ་ནས་རྣམ་པ་དྲུག་ཏུ་གཡོས་པར་གྱུར་ཏེ། ས་ཆེན་པོ་འདི་གཡོས། རབ་ཏུ་གཡོས། ཀུན་ཏུ་རབ་ཏུ་གཡོས་སོ། །ཆེམ་ཆེམ། རབ་ཏུ་ཆེམ་ཆེམ།ཀུན་ཏུ་རབ་ཏུ་ཆེམ་
བྱོས་ཤིག་དེས་,བྱོས་ཤིག །དེས་
ཤོག་འདོད་,ཤོག་འདོང་
ཀོ་ལྤགས་གཞི་,ཀོ་ལྤགས་བཞི་
་གང་,།གང་
ཐོས་ནས་དེས་,ཐོས་ནས། དེས་
དེས་ ཡུལ་,དེས་བསམས་པ། ཡུལ་
བུའི་ཁྱིམ་ན་,བུའི་ཁྱིམ་ལ་
ཡིན་པ་ནས།,ཡིན་པའམ།
ྲ་,་པར་
འོངས་སོ་།,འོངས་སོ། །
སྐོན་ཅིག།,སྐོན་ཅིག
གནང་སྟེ་ཡུལ་,གནང་སྟེ། ཡུལ་
་ཤིག་ཀྱེ་,་ཤིག །ཀྱེ་
ལྡན་པའི་།,ལྡན་པའི། །
མལ་བཤམས་,མལ་བཤམ་
ཕྱིར་འཁུན་ཞིང་,ཕྱིར་འཁུན་ཅིང་
་།,།
དཔོན་གྱིས་བཞུས་,དཔོན་གྱིས་གཞུས་
བཅོམ་ལྡན་ མ་,བཅོམ་ལྡན་འདས་ཀྱི་མདོ་སྡེ་དང་། མ་
བརྩིགས་ལ་རྒན་,བརྩིགས་ལ། རྒན་
གྱི་,དུ་
་ལགས་བཅོམ་,་ལགས། བཅོམ་
བྲམ་ཟེའི་བྱེའུ་,བྲམ་ཟེའི་ཁྱེའུ་
དང་དེའི་,དང་དེ་
སྨྲས་པ་མེས་,སྨྲས་པ། མེས་
འདི་ལ་,འདི་ལྟར་ཡང་གཤོང་ཞིག་གི་དབུས་སུ་གཙུག་ལག་ཁང་བརྩིགས་ལ་
བཅས་ལ་བྱ་,བཅས་ལ། བྱ་
ནས་གཞལ་ད,ནས་གཞལ་མེད་ཁང་གི་ནང་ད
དག་བསྐེན་,དག་བསྐོན་
གྱུར་ཅིག་ཁོ་,གྱུར་ཅིག །ཁོ་
ཀྱི་ཉེས་བས་,ཀྱི་ཉེས་པས་
བཤང་བ་ཕྱོ,བཤང་བ་བྱོ
ཁང་རྣམས་,ཁང་རྣམ་པ་
ས་,་ཁོ་ན་བཞིན་དུ་གྱུར་ཏེ་
གྱུར་ནས་དེའི་,གྱུར་ནས། དེའི་
དེར་གཅིས་ཤིག,དེར་གཅིས་ཅིག
དག་གནས་ག་,དག་གནས་ཆེ་
ཡང་གདུག་བ་,ཡང་གདུག་པ་
བཅོམ་མོ་།,བཅོམ་མོ། །
སློང་ཞིག་གང་,སློང་ཞིག །གང་
གཅིག་ཏུ་ མཆིལ་,གཅིག་ཏུ་གཟར་ཏེ། མཆིལ་
གཅིག་ན་བཅོམ་,གཅིག་ན། བཅོམ་
ཞེ་ན་གང་,ཞེ་ན། གང་
འདི་ཐོང་ཞིག་,འདི་ཐོང་ཤིག་
ཅིང་ཉམས་,ཅིང་ཉམ་
སྙམ་ནས་དེས་,སྙམ་ནས། དེས་
བརྫུན་དུ་བརྡོལ་,བརྫུན་དུ་གདོལ་
ལགས་ལ་བདག་,ལགས་ལ། བདག་
བུ་ལས་,བུ་ལ་
དུ་འགྲོའོ་ཞེས་,དུ་འགྲོའོ། །ཞེས་
བཅུག་གོ་རེས་,བཅུག་གོ། །རེས་
གྱུར་ཅིག་གལ་,གྱུར་ཅིག །གལ་
དུས་ན་བསྐལ་,དུས་ན། བསྐལ་
ན་འདུག།,ན་འདུག
རྙེད་ན་དེ་,རྙེད་ནས། དེ་
བསོད་སྙོམས་བསྒྲུབས་,བསོད་སྙོམས་སྒྲུབས་
པ་ཆེས་ཉུང་,པ་ཆེས་མང་
ལྟར་ན་པར་,ལྟར་ན་བར་
ཚེ་དང་བ་,ཚེ་དང་ལྡན་པ་དག་བདག་ཅག་གླང་པོ་ཆེ་སྐྱོང་བའི་གྲོང་དུ་བདེ་བ་
གྲོང་བཅོམ་པའམ།,གྲོང་བཅོམ་མམ།
འགལ་ཚ་བས་,འགལ་ཚབས་
ཟེར་ན་ཁྱོད་,ཟེར་ན། ཁྱོད་
སྡུག་,གདུག་
སྐྱེད་པ་ རྒྱལ་,སྐྱེད་པ་དང་། རྒྱལ་
བཞུགས་སོ་།,བཞུགས་སོ། །
་ལྔ་བ་,་ལྔ་པ་
གདོན་པར་ །,གདོན་པར་བྱའོ། །
བྱེད་པ་གཞན་,བྱེད་པ། གཞན་
དང་ཀ་པི་,དང་ཀ་བི་
རྟགས་,ྱ་
བུ་དག་ཤན་,བུ་དག །ཤན་
མདོ་གདོན་བ་,མདོ་གདོན་པ་
་མ་,། མ་
ན་ལེགས་གལ་,ན་ལེགས། གལ་
གྱིས་ཤིག།,གྱིས་ཤིག
སུ་གསོལ་དེང་,སུ་གསོལ། དེང་
ཤིག་འཁོར་,ཤིག་འཁོད་
གུ་སྐམ་ཁ་,གུ་སྐམ་ཀས་
རྫོགས་པ་༄༅།,རྫོགས་པ།
བ་དང་གནས་,བ་དང་། གནས་
ཅག་གིས་དབྱར་,ཅག་གིས་གཡར་
ངོ་ཞེས་འཕྲིན་,ངོ་ཞེས་ཕྲིན་
ཇི་,ཅི་
གྲོ་དཧའི་,གྲོ་དྷའི་
ཉིད་མངོན་སུམ་དུ་,ཉིད་མངོན་དུ་
